Hitters,Homer %,Hit%,xBases
Randal Grichuk,0.19608116104387452,0.6831962192847625,1.767126864578372
Jo Adell,0.21293384213044075,0.6670562324475471,1.7600885511471625
Jose Ramirez,0.16494702932247218,0.6976194545711005,1.6119887055822506
Chase DeLauter,0.1314134861659767,0.7018321903138448,1.5842522591438164
Munetaka Murakami,0.27127177136213165,0.5223160359868152,1.5210265777890397
Miguel Vargas,0.18068107430412828,0.6157488331172141,1.4875604860637384
Nathaniel Lowe,0.1482659286589476,0.6285381991986326,1.3858146345110756
Steven Kwan,0.05315049381364412,0.7066739336094725,1.295864018588774
Colson Montgomery,0.22009636422862833,0.5102466788442226,1.2877111022901166
Chase Meidroth,0.09660159532503676,0.6546095245131187,1.254516487446856
Brenton Doyle,0.1230522262149849,0.587709460545821,1.2205462592355216
Petey Halpin,0.09152997358338744,0.6232294757686725,1.1565081877809869
Tommy Pham,0.1052445345354951,0.5907187015162771,1.1544670816931055
Kyle Teel,0.12193915432378555,0.5583349386299096,1.1504509006336208
Brayan Rocchio,0.08673982630670818,0.5988841110721089,1.0903959637088345
Patrick Bailey,0.08945636602854157,0.5664665647160907,1.0781583055674404
Angel Genao,0.06294113773664267,0.5968403469738986,1.0214794410949612
Braden Montgomery,0.06762110251883846,0.5656528417722939,1.0062385333613795
