x`,G,AB,R,H,2B,3B,HR,RBI,BB,SO,SB,CS,AVG,OBP,SLG,OPS,PA,HBP,SAC,SF,GIDP,GO,GO/AO,TB,IBB,BABIP,AB/HR,Bases Acquired,Potential Runs,QA,Total Opportunities,Outs Made,CRE,CRE/G
Arizona Diamondbacks,125,4217,587,1071,223,30,139,555,410,971,125,21,0.254,0.324,0.42,0.744,4729,40,25,33,85,1121,1.01,1771,8,0.297,30.34,2120,1211,1726,4257,2794,528.3570486,4.85
Athletics,123,4209,715,1152,214,14,235,690,422,999,101,17,0.274,0.344,0.499,0.843,4713,48,1,31,104,1031,0.97,2099,18,0.305,17.91,2313,1234,1906,4129,2663,625.5355152,5.9
Atlanta Braves,124,4200,612,1064,236,23,145,595,393,1033,83,20,0.253,0.319,0.424,0.743,4686,33,18,40,88,1017,0.89,1781,9,0.3,28.97,2038,1178,1650,4164,2774,500.8611645,4.64
Baltimore Orioles,124,4233,607,1109,266,15,143,581,375,1011,87,21,0.262,0.327,0.433,0.76,4705,51,9,29,90,1063,0.98,1834,11,0.311,29.6,2105,1221,1715,4218,2762,529.8583607,4.91
Boston Red Sox,123,4163,617,1059,194,21,151,593,440,1102,105,24,0.254,0.331,0.42,0.751,4712,58,10,39,77,1005,0.96,1748,7,0.308,27.57,2145,1259,1694,4287,2776,543.9614682,5.04
Chicago Cubs,124,4227,514,1008,200,11,135,496,303,1093,76,16,0.238,0.295,0.387,0.682,4620,47,13,25,90,1133,1.1,1635,16,0.289,31.31,1862,1078,1535,4152,2871,430.2065396,3.91
Chicago White Sox,125,4234,595,1054,213,26,144,569,426,1155,141,35,0.249,0.326,0.414,0.74,4770,69,16,25,77,1001,0.94,1751,8,0.307,29.4,2166,1233,1716,4367,2818,539.2891394,4.9
Cincinnati Reds,125,4241,500,1055,227,25,89,466,359,869,100,25,0.249,0.311,0.377,0.688,4678,38,10,30,88,1163,0.97,1599,28,0.292,47.65,1923,1177,1544,4216,2818,454.8230676,4.17
Cleveland Guardians,124,4202,547,1052,235,18,126,522,343,1167,48,18,0.25,0.311,0.405,0.716,4632,45,8,33,95,960,0.9,1701,6,0.315,33.35,1899,1124,1555,4089,2772,452.2778097,4.19
Colorado Rockies,124,4194,490,985,189,19,125,472,368,1104,55,18,0.235,0.3,0.378,0.678,4625,30,8,24,89,1052,0.97,1587,6,0.288,33.55,1791,1100,1423,4111,2837,408.3953987,3.78
Detroit Tigers,125,4251,608,1070,205,11,162,588,420,984,90,23,0.252,0.324,0.419,0.743,4765,50,9,30,93,1051,0.89,1783,12,0.29,26.24,2056,1186,1650,4230,2809,506.0140694,4.64
Houston Astros,126,4237,505,1034,208,32,121,486,301,1073,123,32,0.244,0.3,0.394,0.694,4649,57,12,41,74,1000,0.85,1669,8,0.296,35.02,1861,1054,1533,4134,2823,424.2250991,3.86
Kansas City Royals,125,4243,597,1062,195,20,184,575,408,1158,60,22,0.25,0.323,0.436,0.759,4763,64,5,38,99,970,0.89,1849,20,0.299,23.06,2205,1238,1746,4270,2804,558.9684675,5.13
Los Angeles Angels,123,4157,687,1044,230,15,194,665,502,1039,75,18,0.251,0.337,0.454,0.791,4781,61,4,51,70,941,0.79,1886,24,0.286,21.43,2261,1291,1742,4223,2754,584.3925109,5.51
Los Angeles Dodgers,125,4250,513,1107,201,20,121,488,323,992,64,18,0.26,0.316,0.403,0.719,4661,37,19,29,124,1147,1.09,1711,17,0.311,35.12,1948,1170,1607,4199,2799,472.8091347,4.3
Miami Marlins,125,4144,537,970,185,11,130,515,442,1101,98,25,0.234,0.313,0.378,0.691,4663,44,3,27,102,1059,1.01,1567,12,0.286,31.88,1886,1108,1458,4143,2784,437.5114543,4.01
Milwaukee Brewers,125,4209,551,1007,210,16,168,527,423,1289,67,11,0.239,0.318,0.416,0.734,4739,73,10,24,90,906,0.87,1753,11,0.302,25.05,2031,1151,1596,4198,2834,484.5770909,4.45
Minnesota Twins,125,4133,553,983,168,16,161,537,423,987,88,11,0.238,0.318,0.403,0.721,4683,80,10,33,88,1089,0.97,1666,5,0.272,25.67,1981,1121,1547,4105,2740,474.1468254,4.39
New York Mets,124,4054,523,933,158,13,168,503,414,1041,77,25,0.23,0.305,0.4,0.705,4547,38,7,34,97,1023,0.93,1621,13,0.266,24.13,1920,1066,1533,4039,2758,453.1801562,4.2
New York Yankees,124,4077,442,910,172,18,122,427,396,1130,114,23,0.223,0.301,0.364,0.665,4601,67,25,29,97,1022,0.96,1484,11,0.276,33.42,1871,1062,1442,4185,2834,417.617281,3.83
Philadelphia Phillies,124,4257,582,1091,229,21,148,561,394,1130,95,20,0.256,0.324,0.424,0.748,4744,49,8,33,84,1003,0.93,1806,16,0.313,28.76,2059,1222,1658,4272,2831,506.2416001,4.64
Pittsburgh Pirates,124,4101,513,959,210,22,122,491,438,1106,90,33,0.234,0.313,0.385,0.698,4647,49,22,36,69,1039,0.98,1579,4,0.288,33.62,1906,1111,1497,4109,2749,445.380518,4.16
San Diego Padres,125,4145,566,988,214,11,158,543,506,1024,100,25,0.238,0.325,0.41,0.735,4745,43,15,33,96,1002,0.85,1698,11,0.277,26.23,2140,1229,1638,4274,2798,527.7090414,4.84
San Francisco Giants,124,4167,535,992,196,9,136,518,410,1169,46,13,0.238,0.314,0.387,0.701,4685,63,13,30,85,989,0.93,1614,14,0.296,30.64,1980,1181,1546,4197,2822,473.7786833,4.35
Seattle Mariners,124,4197,578,1012,225,10,155,558,417,1235,92,25,0.241,0.32,0.41,0.73,4732,83,4,30,78,898,0.83,1722,10,0.302,27.08,1980,1131,1546,4173,2803,467.7325112,4.33
St. Louis Cardinals,125,4279,576,1104,209,11,172,557,430,1022,73,24,0.258,0.332,0.433,0.765,4804,58,8,26,98,1062,0.94,1851,13,0.3,24.88,2138,1230,1702,4273,2803,538.910709,4.94
Tampa Bay Rays,126,4259,669,1104,215,19,183,641,400,1097,130,36,0.259,0.331,0.448,0.779,4763,69,5,30,79,1008,0.93,1906,4,0.306,23.27,2223,1197,1805,4311,2797,563.4247633,5.08
Texas Rangers,124,4307,702,1161,269,15,172,672,441,1081,63,16,0.27,0.34,0.459,0.799,4835,37,9,39,68,956,0.83,1976,10,0.32,25.04,2248,1337,1824,4292,2777,597.1335305,5.48
Toronto Blue Jays,125,4295,560,1109,217,11,145,533,412,1014,81,28,0.258,0.329,0.415,0.744,4789,55,3,22,101,1032,0.89,1783,9,0.305,29.62,2065,1217,1655,4265,2795,514.231041,4.72
Washington Nationals,125,4272,552,1112,225,20,113,524,325,886,90,23,0.26,0.32,0.402,0.722,4705,63,12,30,94,1158,1,1716,3,0.302,37.8,1920,1134,1587,4182,2787,459.2526749,4.21
