Team,AdjO,AdjD,AdjT,Orank,Drank,Trank,HomeAdv
Abilene Christian,99.4,104.9,68.5,0.927110505,0.978391827,1.020952163,2.1
Air Force,99.7,112.2,63.9,0.929908625,1.046478198,0.952391871,3.07
Akron,113.4,105.6,71.7,1.05768945,0.984920657,1.068646278,3.62
Alabama,127,98,74,1.184537567,0.914036216,1.102926424,4.86
Alabama A&M,95.1,117.4,71.2,0.887004115,1.094978079,1.061194073,2.1
Alabama St.,103.4,115.2,67.8,0.964418775,1.074458899,1.010519075,2.56
Albany,102.8,111.7,67.4,0.958822535,1.041814748,1.00455731,3.3
Alcorn St.,97.5,110.4,65,0.909389077,1.029689778,0.968786724,3.28
American,104.1,111.4,63.3,0.970947722,1.039016678,0.943449225,3.73
Appalachian St.,103.6,100.9,63.8,0.966284189,0.941084227,0.95090143,3.77
Arizona,120.1,94.5,70.3,1.120180802,0.881392065,1.047780103,3.51
Arizona St.,111,98.2,67.9,1.035304488,0.915901596,1.012009516,4.01
Arkansas,113,96.2,68.8,1.053958623,0.897247796,1.025423486,6.63
Arkansas Pine Bluff,97.2,124.2,72.2,0.906590957,1.158401,1.076098484,2.52
Arkansas St.,110.4,101.8,69.3,1.029708247,0.949478437,1.032875691,4.74
Army,103.7,114.3,67.4,0.967216895,1.066064689,1.00455731,1.86
Auburn,130.7,94.7,68,1.219047717,0.883257446,1.013499957,3.32
Austin Peay,99.3,109,66,0.926177799,1.016632118,0.983691135,2.94
Ball St.,106.1,115.1,66.2,0.989601857,1.073526209,0.986672017,2.9
Baylor,123.1,101.4,64.7,1.148162004,0.945747677,0.9643154,3.83
Bellarmine,103.3,123.1,65.7,0.963486068,1.14814141,0.979219811,2.1
Belmont,115.4,112.1,70.6,1.076343585,1.045545508,1.052251426,3.89
Bethune Cookman,98.4,106.6,68.5,0.917783438,0.994247557,1.020952163,2.32
Binghamton,100.8,113.3,65,0.9401684,1.056737789,0.968786724,2.7
Boise St.,116.7,100.6,66.1,1.088468772,0.938286156,0.985181576,3.59
Boston College,106.9,110.3,66.1,0.997063511,1.028757088,0.985181576,3.96
Boston University,99.4,111,62.2,0.927110505,1.035285918,0.927054372,3.46
Bowling Green,101.2,113.4,69.2,0.943899227,1.057670479,1.03138525,3.62
Bradley,111.3,104.4,66.1,1.038102608,0.973728377,0.985181576,5.02
Brown,105.4,110.4,65.1,0.98307291,1.029689778,0.970277165,2.07
Bryant,108.6,107.7,72.3,1.012919526,1.004507148,1.077588925,1.21
Bucknell,101,108.1,67.4,0.942033813,1.008237908,1.00455731,3.3
Buffalo,97,113.8,71.3,0.904725543,1.061401239,1.062684514,4.75
Butler,116.2,105.1,66.9,1.083805239,0.980257207,0.997105105,4.09
BYU,120.3,102,66.7,1.122046215,0.951343817,0.994124223,2.1
Cal Baptist,108.8,107.6,65.6,1.014784939,1.003574458,0.97772937,2.1
Cal Poly,106.9,112.6,73,0.997063511,1.050208958,1.088022013,2.1
Cal St. Bakersfield,106.3,113.7,65.6,0.991467271,1.060468549,0.97772937,2.1
Cal St. Fullerton,97.3,112.1,67.1,0.907523664,1.045545508,1.000085987,2.1
California,112,108.7,67.1,1.044631555,1.013834048,1.000085987,2.49
Campbell,103.4,103.8,66,0.964418775,0.968132237,0.983691135,3.49
Canisius,100.3,121.9,65.2,0.935504866,1.13694913,0.971767606,3.04
Central Arkansas,96.6,115.5,66.2,0.900994716,1.077256969,0.986672017,3.61
Central Connecticut,101.6,102.8,65.2,0.947630054,0.958805337,0.971767606,2.1
Central Michigan,105.6,108.7,66.9,0.984938323,1.013834048,0.997105105,3.4
Charleston,107.5,106.7,70.6,1.002659752,0.995180247,1.052251426,2.52
Charleston Southern,101.3,110.9,67.5,0.944831933,1.034353228,1.006047751,5.14
Charlotte,105.2,112.4,64.7,0.981207497,1.048343578,0.9643154,3.9
Chattanooga,113.4,109.5,67.2,1.05768945,1.021295568,1.001576428,3.99
Chicago St.,91.5,112.6,68.6,0.853426672,1.050208958,1.022442604,2.1
Cincinnati,110.7,95.8,65.1,1.032506368,0.893517036,0.970277165,3.67
Clemson,119.5,97.7,63.6,1.114584561,0.911238146,0.947920548,5.19
Cleveland St.,105.6,103.9,65.8,0.984938323,0.969064927,0.980710253,3.78
Coastal Carolina,99.9,115.2,62.7,0.931774039,1.074458899,0.934506578,2.78
Colgate,105.1,113,66.5,0.98027479,1.053939719,0.99114334,3.27
Colorado,108.1,102.4,67,1.008255992,0.955074577,0.998595546,5.23
Colorado St.,113.2,102.6,65.8,1.055824036,0.956939957,0.980710253,5.19
Columbia,109.8,114.5,70.1,1.024112007,1.067930069,1.04479922,1.61
Connecticut,122.2,103.2,64,1.139767643,0.962536097,0.953882312,3.86
Coppin St.,87.7,113,67.7,0.817983816,1.053939719,1.009028634,1.86
Cornell,115,112.2,70.1,1.072612758,1.046478198,1.04479922,2.64
Creighton,116.3,96.3,67.9,1.084737945,0.898180486,1.012009516,3.97
CSUN,107.4,103.8,72.4,1.001727045,0.968132237,1.079079366,2.1
Dartmouth,101.5,109.1,70.7,0.946697347,1.017564808,1.053741867,2.36
Davidson,113,109.2,65.3,1.053958623,1.018497498,0.973258047,2.96
Dayton,115.9,105.3,65.3,1.081007118,0.982122587,0.973258047,4.72
Delaware,107.6,114.8,70.2,1.003592458,1.070728139,1.046289661,3.9
Delaware St.,100.4,112.3,69.6,0.936437573,1.047410888,1.037347015,2.1
Denver,99.2,115.5,66.1,0.925245092,1.077256969,0.985181576,7.03
DePaul,108.2,104.7,67.2,1.009188699,0.976526447,1.001576428,2.32
Detroit Mercy,95.4,110.9,65.9,0.889802235,1.034353228,0.982200694,2.1
Drake,112.9,100,58.8,1.053025916,0.932690016,0.876379375,4.45
Drexel,103.5,105.7,63.1,0.965351482,0.985853347,0.940468342,3.1
Duke,125.6,90,65.1,1.171479673,0.839421015,0.970277165,3.7
Duquesne,105.2,104,64.4,0.981207497,0.969997617,0.959844077,2.36
East Carolina,107.5,107.3,66.1,1.002659752,1.000776388,0.985181576,3.3
East Tennessee St.,108,104.6,65.6,1.007323285,0.975593757,0.97772937,3.67
East Texas A&M,96.7,112,66.9,0.901927423,1.044612818,0.997105105,2.52
Eastern Illinois,94,110.5,65.8,0.876744341,1.030622468,0.980710253,2.64
Eastern Kentucky,110.8,112.6,68.1,1.033439074,1.050208958,1.014990398,4.52
Eastern Michigan,102.4,114.7,67.6,0.955091708,1.069795449,1.007538193,3.94
Eastern Washington,103.4,110.7,67.5,0.964418775,1.032487848,1.006047751,2.1
Elon,107.8,108.5,64.8,1.005457872,1.011968668,0.965805841,5.09
Evansville,99,106.6,66.4,0.923379678,0.994247557,0.989652899,2.23
Fairfield,101.3,118.1,65.3,0.944831933,1.101506909,0.973258047,0.32
Fairleigh Dickinson,99.5,113.3,69,0.928043212,1.056737789,1.028404368,2.1
FIU,98.8,106.2,69,0.921514265,0.990516797,1.028404368,3.8
Florida,125.6,93.2,69,1.171479673,0.869267095,1.028404368,2.1
Florida A&M,98.4,112.8,67.5,0.917783438,1.052074338,1.006047751,3.22
Florida Atlantic,114.2,108.1,69.7,1.065151104,1.008237908,1.038837456,4.07
Florida Gulf Coast,108.7,107.7,65.1,1.013852233,1.004507148,0.970277165,3.85
Florida St.,109.8,100,69.9,1.024112007,0.932690016,1.041818338,3.09
Fordham,106.5,109.7,69.6,0.993332684,1.023160948,1.037347015,4.49
Fresno St.,101.5,109.5,71.6,0.946697347,1.021295568,1.067155837,3.75
Furman,108.6,108.7,65,1.012919526,1.013834048,0.968786724,3.08
Gardner Webb,105.4,111.5,68.9,0.98307291,1.039949368,1.026913927,3.12
George Mason,106.7,94.5,64.2,0.995198098,0.881392065,0.956863195,5.04
George Washington,105.9,101.4,67.8,0.987736444,0.945747677,1.010519075,2.92
Georgetown,106.6,96.9,67.4,0.994265391,0.903776626,1.00455731,4.29
Georgia,113.2,95.9,66.2,1.055824036,0.894449726,0.986672017,3.64
Georgia Southern,102.6,109.9,69.9,0.956957121,1.025026328,1.041818338,3.81
Georgia St.,104.7,114.3,69.4,0.976543963,1.066064689,1.034366133,3.42
Georgia Tech,108.2,102.8,69.1,1.009188699,0.958805337,1.029894809,5.17
Gonzaga,124.1,98.4,69.9,1.157489071,0.917766976,1.041818338,2.1
Grambling St.,96.5,111.1,64.5,0.90006201,1.036218608,0.961334518,2.1
Grand Canyon,107.6,100.2,71.8,1.003592458,0.934555396,1.070136719,2.1
Green Bay,100.9,118.1,68,0.941101106,1.101506909,1.013499957,1.47
Hampton,103.3,111.1,64.7,0.963486068,1.036218608,0.9643154,2.11
Harvard,100.5,110.8,65.8,0.937370279,1.033420538,0.980710253,4.92
Hawaii,104.9,107.7,65.8,0.978409376,1.004507148,0.980710253,4.6
High Point,118.4,111.6,66.3,1.104324787,1.040882058,0.988162458,3.32
Hofstra,100.5,103.8,63.7,0.937370279,0.968132237,0.949410989,3.25
Holy Cross,102.8,114.6,65.6,0.958822535,1.068862759,0.97772937,5.41
Houston,124.3,89.9,60.7,1.159354485,0.838488325,0.904697756,2.1
Houston Christian,103.9,112.7,64.9,0.969082309,1.051141648,0.967296282,4.13
Howard,107.1,118.6,68.9,0.998928925,1.106170359,1.026913927,3.26
Idaho,108.6,117.2,66.2,1.012919526,1.093112699,0.986672017,2.1
Idaho St.,105.6,110.2,65.1,0.984938323,1.027824398,0.970277165,2.64
Illinois,121.4,96.3,71.8,1.132305989,0.898180486,1.070136719,4.13
Illinois Chicago,110.5,108.5,68.9,1.030640954,1.011968668,1.026913927,5.28
Illinois St.,113.3,110.9,64.5,1.056756743,1.034353228,0.961334518,2.1
Incarnate Word,107,115.2,64.7,0.997996218,1.074458899,0.9643154,4.42
Indiana,114.7,99.7,68.1,1.069814637,0.929891946,1.014990398,4.86
Indiana St.,108,111.8,72.4,1.007323285,1.042747438,1.079079366,2.55
Iona,98.2,107.1,68.7,0.915918024,0.998911008,1.023933045,5.16
Iowa,118,106.1,70.8,1.10059396,0.989584107,1.055232308,5.32
Iowa St.,119.8,92.5,68.5,1.117382681,0.862738265,1.020952163,2.1
IU Indy,107.5,121.6,64.8,1.002659752,1.13415106,0.965805841,2.1
Jackson St.,100.1,108,68.7,0.933639452,1.007305218,1.023933045,4.04
Jacksonville,102.9,102.6,67.9,0.959755241,0.956939957,1.012009516,2.82
Jacksonville St.,112.1,107.6,64.9,1.045564262,1.003574458,0.967296282,3
James Madison,109.9,108.1,64.9,1.025044714,1.008237908,0.967296282,5.18
Kansas,116.9,91.1,68.3,1.090334186,0.849680605,1.01797128,2.1
Kansas City,102.1,108.2,64.5,0.952293587,1.009170598,0.961334518,5.72
Kansas St.,114,99.9,67.2,1.06328569,0.931757326,1.001576428,3.65
Kennesaw St.,105.7,105.1,70.6,0.98587103,0.980257207,1.052251426,3.76
Kent St.,103.5,100.6,65.3,0.965351482,0.938286156,0.973258047,3.43
Kentucky,126.5,102.3,70.4,1.179874033,0.954141887,1.049270544,3.34
La Salle,104.2,108.9,69,0.971880429,1.015699428,1.028404368,4.13
Lafayette,97.9,108.8,65.7,0.913119904,1.014766738,0.979219811,3.67
Lamar,102.9,105.2,65.5,0.959755241,0.981189897,0.976238929,2.1
Le Moyne,100.3,120.3,68.6,0.935504866,1.12202609,1.022442604,3.42
Lehigh,101.8,111.2,67,0.949495467,1.037151298,0.998595546,2.75
Liberty,109.6,98.3,65.2,1.022246593,0.916834286,0.971767606,2.1
Lindenwood,94.1,110.6,68.8,0.877677048,1.031555158,1.025423486,3.35
Lipscomb,111.6,103.3,66.1,1.040900728,0.963468787,0.985181576,2.1
Little Rock,98.1,100.6,66.5,0.914985318,0.938286156,0.99114334,2.1
LIU,94.9,106.9,64.9,0.885138702,0.997045628,0.967296282,3.57
Long Beach St.,103,116,64.2,0.960687948,1.081920419,0.956863195,2.1
Longwood,108,109.3,68.5,1.007323285,1.019430188,1.020952163,4.63
Louisiana,100.4,113.7,66.3,0.936437573,1.060468549,0.988162458,2.97
Louisiana Monroe,96.1,113.6,67.6,0.896331183,1.059535859,1.007538193,5.32
Louisiana Tech,110.1,106.4,64.4,1.026910127,0.992382177,0.959844077,3.64
Louisville,118.6,97.4,68.4,1.1061902,0.908440076,1.019461721,2.62
Loyola Chicago,106.9,104.4,66.7,0.997063511,0.973728377,0.994124223,2.49
Loyola Marymount,104,101.2,66.8,0.970015016,0.943882297,0.995614664,1.68
Loyola MD,101,113.5,66.9,0.942033813,1.058603169,0.997105105,4.14
LSU,110.2,100.4,68.3,1.027842834,0.936420776,1.01797128,1.48
Maine,101.9,104.1,66.2,0.950428174,0.970930307,0.986672017,2.31
Manhattan,107.4,115.8,67.7,1.001727045,1.080055039,1.009028634,4.48
Marist,100.1,105.6,63.6,0.933639452,0.984920657,0.947920548,4.68
Marquette,118,95.4,67.5,1.10059396,0.889786276,1.006047751,4.89
Marshall,106.3,107.5,68,0.991467271,1.002641768,1.013499957,4.9
Maryland,119.3,95.4,69.5,1.112719148,0.889786276,1.035856574,2.1
Maryland Eastern Shore,95.1,119.3,66.1,0.887004115,1.11269919,0.985181576,3.68
Massachusetts,104.9,104.6,70.8,0.978409376,0.975593757,1.055232308,2.1
McNeese,112.4,100.5,64.8,1.048362382,0.937353466,0.965805841,4.85
Memphis,115.2,98.7,70.1,1.074478171,0.920565046,1.04479922,4.36
Mercer,103,108.5,71.6,0.960687948,1.011968668,1.067155837,2.1
Mercyhurst,97.7,116.3,64.5,0.911254491,1.084718489,0.961334518,2.1
Merrimack,100.1,101.9,64.6,0.933639452,0.950411127,0.962824959,4.06
Miami FL,115.7,116.9,67,1.079141705,1.090314629,0.998595546,3.04
Miami OH,109.1,107.7,68.8,1.01758306,1.004507148,1.025423486,3.93
Michigan,118.9,95.2,69.8,1.108988321,0.887920896,1.040327897,4.37
Michigan St.,118.1,94.5,68,1.101526667,0.881392065,1.013499957,2.1
Middle Tennessee,108.4,105.1,67.8,1.011054112,0.980257207,1.010519075,2.1
Milwaukee,107,105.1,69.1,0.997996218,0.980257207,1.029894809,4.78
Minnesota,111.1,103.6,61.7,1.036237195,0.966266857,0.919602167,4.43
Mississippi,118,94.4,67.7,1.10059396,0.880459375,1.009028634,3.1
Mississippi St.,119,99.7,66.9,1.109921027,0.929891946,0.997105105,2.1
Mississippi Valley St.,83.8,125.3,64.2,0.781608253,1.168660591,0.956863195,6.47
Missouri,121.9,98.9,67.4,1.136969523,0.922430426,1.00455731,5.55
Missouri St.,102.5,109.1,63.8,0.956024414,1.017564808,0.95090143,2.85
Monmouth,102.7,112.5,67.2,0.957889828,1.049276268,1.001576428,3.89
Montana,110.2,112.8,67.1,1.027842834,1.052074338,1.000085987,4.53
Montana St.,105.6,107.9,65.8,0.984938323,1.006372528,0.980710253,4.43
Morehead St.,99.8,112.5,64.2,0.930841332,1.049276268,0.956863195,1.67
Morgan St.,103.3,118.6,70.7,0.963486068,1.106170359,1.053741867,2.1
Mount St. Mary's,100,108.3,67.4,0.932706746,1.010103288,1.00455731,1.44
Murray St.,107.3,105.8,64.4,1.000794338,0.986786037,0.959844077,2.75
N.C. State,109.1,103.2,64.3,1.01758306,0.962536097,0.958353636,2.91
Navy,102.4,112.9,66.7,0.955091708,1.053007028,0.994124223,5.75
Nebraska,115.1,97.4,67.2,1.073545464,0.908440076,1.001576428,2.1
Nebraska Omaha,108.8,111.8,67.2,1.014784939,1.042747438,1.001576428,2.67
Nevada,113.4,103.3,63.1,1.05768945,0.963468787,0.940468342,2.06
New Hampshire,94.6,116.1,66.8,0.882340581,1.082853109,0.995614664,4.33
New Mexico,114,95.8,72.7,1.06328569,0.893517036,1.083550689,5.7
New Mexico St.,104.1,104.4,65.5,0.970947722,0.973728377,0.976238929,2.1
New Orleans,99.8,117.4,69.1,0.930841332,1.094978079,1.029894809,3.16
Niagara,101.7,114.8,64.2,0.94856276,1.070728139,0.956863195,2.1
Nicholls,106.2,108.3,68,0.990534564,1.010103288,1.013499957,2.1
NJIT,94.4,113.1,64.9,0.880475168,1.054872409,0.967296282,2.1
Norfolk St.,108.5,109.1,65.7,1.011986819,1.017564808,0.979219811,2.1
North Alabama,111.3,107.5,66.6,1.038102608,1.002641768,0.992633781,4.21
North Carolina,116,100,71,1.081939825,0.932690016,1.05821319,2.1
North Carolina A&T,100.1,115.4,70.4,0.933639452,1.076324279,1.049270544,2.1
North Carolina Central,104.5,115.9,66.3,0.974678549,1.080987729,0.988162458,2.1
North Dakota,109.5,118.3,68.5,1.021313887,1.103372289,1.020952163,4.78
North Dakota St.,116.6,113.2,64.6,1.087536066,1.055805099,0.962824959,2.87
North Florida,112.3,118.6,72.2,1.047429675,1.106170359,1.076098484,2.99
North Texas,110.9,98.2,60.3,1.034371781,0.915901596,0.898735991,2.47
Northeastern,105.4,108.9,67.8,0.98307291,1.015699428,1.010519075,4.02
Northern Arizona,105.1,112.4,66.8,0.98027479,1.048343578,0.995614664,3.96
Northern Colorado,111.3,109.8,68.6,1.038102608,1.024093638,1.022442604,3.27
Northern Illinois,94.6,113.1,69.2,0.882340581,1.054872409,1.03138525,3.89
Northern Iowa,111.2,105.7,65.1,1.037169901,0.985853347,0.970277165,2.1
Northern Kentucky,100.9,108.2,65.3,0.941101106,1.009170598,0.973258047,2.72
Northwestern,114.8,100.8,64.3,1.070747344,0.940151537,0.958353636,3.01
Northwestern St.,100.4,107.1,64.4,0.936437573,0.998911008,0.959844077,5.08
Notre Dame,113.6,105,64.3,1.059554863,0.979324517,0.958353636,2.53
Oakland,106.9,109.4,62.3,0.997063511,1.020362878,0.928544814,4.74
Ohio,107,108.8,70.3,0.997996218,1.014766738,1.047780103,4.25
Ohio St.,117.8,96.6,67.1,1.098728546,0.900978556,1.000085987,5.28
Oklahoma,119.1,101.2,67.5,1.110853734,0.943882297,1.006047751,6.52
Oklahoma St.,108.8,102.7,70,1.014784939,0.957872647,1.043308779,4.07
Old Dominion,101.5,112.2,65.4,0.946697347,1.046478198,0.974748488,2.41
Oral Roberts,104.5,118.7,67.9,0.974678549,1.107103049,1.012009516,3.26
Oregon,117.3,99.8,68.3,1.094065013,0.930824636,1.01797128,2.95
Oregon St.,116.1,104.3,63.8,1.082872532,0.972795687,0.95090143,2.84
Pacific,101.5,113.1,65.8,0.946697347,1.054872409,0.980710253,2.1
Penn,103.4,114.3,66.1,0.964418775,1.066064689,0.985181576,3.69
Penn St.,114.4,102.9,69.8,1.067016517,0.959738027,1.040327897,2.57
Pepperdine,103.7,108.8,69.2,0.967216895,1.014766738,1.03138525,2.7
Pittsburgh,118.3,102.6,66.2,1.10339208,0.956939957,0.986672017,3.76
Portland,102.7,116,68.1,0.957889828,1.081920419,1.014990398,4.59
Portland St.,103.1,107.2,68.5,0.961620655,0.999843698,1.020952163,2.1
Prairie View A&M,99.5,117.4,71.2,0.928043212,1.094978079,1.061194073,3.07
Presbyterian,104.6,113,63.7,0.975611256,1.053939719,0.949410989,2.95
Princeton,108.4,106,66.5,1.011054112,0.988651417,0.99114334,4.75
Providence,113.7,104.1,65.8,1.06048757,0.970930307,0.980710253,4.54
Purdue,123.8,96.5,65.4,1.154690951,0.900045866,0.974748488,3.47
Purdue Fort Wayne,113,110.4,69.2,1.053958623,1.029689778,1.03138525,2.1
Queens,106,109.5,68.9,0.98866915,1.021295568,1.026913927,1.96
Quinnipiac,102.5,105.2,70.9,0.956024414,0.981189897,1.056722749,2.33
Radford,110.1,110.9,62.9,1.026910127,1.034353228,0.93748746,2.96
Rhode Island,108.6,105.3,70.3,1.012919526,0.982122587,1.047780103,2.39
Rice,107.1,108.1,65.3,0.998928925,1.008237908,0.973258047,3.58
Richmond,104.4,110.6,63.9,0.973745843,1.031555158,0.952391871,2.33
Rider,100.2,114.2,64.6,0.934572159,1.065131999,0.962824959,1.63
Robert Morris,105.3,106.5,68.3,0.982140203,0.993314867,1.01797128,3.93
Rutgers,115.3,102.9,68.8,1.075410878,0.959738027,1.025423486,2.1
Sacramento St.,96,113.1,65.2,0.895398476,1.054872409,0.971767606,1.41
Sacred Heart,105.3,114,69.9,0.982140203,1.063266619,1.041818338,2.1
Saint Francis,100,114,67.4,0.932706746,1.063266619,1.00455731,2.1
Saint Joseph's,109.8,100.4,68.5,1.024112007,0.936420776,1.020952163,4.17
Saint Louis,109.2,105,67.1,1.018515766,0.979324517,1.000085987,2.1
Saint Mary's,117.2,93.6,62.1,1.093132306,0.872997855,0.925563931,2.59
Saint Peter's,96.5,107.3,62.8,0.90006201,1.000776388,0.935997019,2.48
Sam Houston St.,109.8,110.6,67.7,1.024112007,1.031555158,1.009028634,2.83
Samford,113,106.2,69.6,1.053958623,0.990516797,1.037347015,1.83
San Diego,99.1,110,70.2,0.924312385,1.025959018,1.046289661,4.18
San Diego St.,109.3,93.9,66.1,1.019448473,0.875795925,0.985181576,2.82
San Francisco,112.4,100,67,1.048362382,0.932690016,0.998595546,3.99
San Jose St.,108.8,108.8,65.4,1.014784939,1.014766738,0.974748488,2.3
Santa Clara,116.3,102.7,68.2,1.084737945,0.957872647,1.016480839,2.1
Seattle,107.9,105.8,65.6,1.006390579,0.986786037,0.97772937,3.03
Seton Hall,100.9,104.4,63.9,0.941101106,0.973728377,0.952391871,3.17
Siena,102.4,109,66.3,0.955091708,1.016632118,0.988162458,2.1
SIUE,100.5,105.8,65.4,0.937370279,0.986786037,0.974748488,2.1
SMU,117.8,100.6,69.1,1.098728546,0.938286156,1.029894809,2.17
South Alabama,106.1,103.2,63.1,0.989601857,0.962536097,0.940468342,2.23
South Carolina,108.7,98.4,65,1.013852233,0.917766976,0.968786724,2.1
South Carolina St.,101.5,106.1,68.7,0.946697347,0.989584107,1.023933045,2.1
South Dakota,110.1,117.8,74.1,1.026910127,1.098708839,1.104416865,2.1
South Dakota St.,111.3,105.5,68.9,1.038102608,0.983987967,1.026913927,2.79
South Florida,105.7,108.3,67.8,0.98587103,1.010103288,1.010519075,2.1
Southeast Missouri,103,107,68,0.960687948,0.997978318,1.013499957,4.28
Southeastern Louisiana,103.2,105.6,67.5,0.962553362,0.984920657,1.006047751,2.94
Southern,100.8,105.2,68.8,0.9401684,0.981189897,1.025423486,3.59
Southern Illinois,105.8,106.5,68.1,0.986803737,0.993314867,1.014990398,2.1
Southern Indiana,100.1,115.5,66.3,0.933639452,1.077256969,0.988162458,2.1
Southern Miss,99.5,107.3,70.2,0.928043212,1.000776388,1.046289661,4.05
Southern Utah,100.4,109.3,68.5,0.936437573,1.019430188,1.020952163,3.36
St. Bonaventure,108.7,102.7,63.4,1.013852233,0.957872647,0.944939666,3.48
St. John's,112.9,88,69.8,1.053025916,0.820767214,1.040327897,2.1
St. Thomas,115.4,111.7,68,1.076343585,1.041814748,1.013499957,4.08
Stanford,114.3,104.9,66.9,1.06608381,0.978391827,0.997105105,2.1
Stephen F. Austin,95.1,102.9,66.3,0.887004115,0.959738027,0.988162458,4.43
Stetson,100,118.3,67.5,0.932706746,1.103372289,1.006047751,2.1
Stonehill,101,113.2,64.9,0.942033813,1.055805099,0.967296282,2.08
Stony Brook,102.7,117.6,64.6,0.957889828,1.096843459,0.962824959,2.28
Syracuse,109.2,106.4,68.5,1.018515766,0.992382177,1.020952163,2.1
Tarleton St.,95.3,106.4,65.1,0.888869529,0.992382177,0.970277165,3.65
TCU,106.6,97.5,65.8,0.994265391,0.909372766,0.980710253,3.29
Temple,111.1,108.9,69.5,1.036237195,1.015699428,1.035856574,4.74
Tennessee,117.2,86,63.6,1.093132306,0.802113414,0.947920548,3.65
Tennessee Martin,100.8,111.9,67.1,0.9401684,1.043680128,1.000085987,3.06
Tennessee St.,102.3,111.4,71.3,0.954159001,1.039016678,1.062684514,2.84
Tennessee Tech,101.6,112.8,67.6,0.947630054,1.052074338,1.007538193,5.44
Texas,117.7,99.8,66.6,1.09779584,0.930824636,0.992633781,4.82
Texas A&M,117.3,91.7,66.1,1.094065013,0.855276745,0.985181576,2.1
Texas A&M Corpus Chris,106.2,107.9,68.9,0.990534564,1.006372528,1.026913927,2.1
Texas Southern,97.3,108.5,69.5,0.907523664,1.011968668,1.035856574,3.19
Texas St.,109.7,112.8,65.8,1.0231793,1.052074338,0.980710253,2.1
Texas Tech,122.9,96.3,65.3,1.14629659,0.898180486,0.973258047,4.39
The Citadel,95,116.8,64.6,0.886071408,1.089381939,0.962824959,2.1
Toledo,112.6,115.8,68.7,1.050227796,1.080055039,1.023933045,5.71
Towson,104.9,105.3,62.7,0.978409376,0.982122587,0.934506578,3.58
Troy,107.2,102.3,65.3,0.999861631,0.954141887,0.973258047,3.25
Tulane,106.7,105.4,66.3,0.995198098,0.983055277,0.988162458,3.78
Tulsa,101.1,110.9,65.7,0.94296652,1.034353228,0.979219811,3.92
UAB,116.4,111.9,69.1,1.085670652,1.043680128,1.029894809,3.41
UC Davis,96.8,101.3,67.5,0.90286013,0.944814987,1.006047751,3.78
UC Irvine,106.5,94.6,69.3,0.993332684,0.882324755,1.032875691,3.11
UC Riverside,108.2,107.6,66.5,1.009188699,1.003574458,0.99114334,2.98
UC San Diego,115,99.4,66.2,1.072612758,0.927093876,0.986672017,2.1
UC Santa Barbara,109.7,107.8,64.8,1.0231793,1.005439838,0.965805841,3.16
UCF,116.1,104.2,71.4,1.082872532,0.971862997,1.064174955,2.1
UCLA,116.7,94.3,64.6,1.088468772,0.879526685,0.962824959,4.03
UMass Lowell,108.8,113.2,69.3,1.014784939,1.055805099,1.032875691,2.1
UMBC,106.5,115.9,70.6,0.993332684,1.080987729,1.052251426,1.13
UNC Asheville,111.3,111,68,1.038102608,1.035285918,1.013499957,2.1
UNC Greensboro,108.7,106.9,63.3,1.013852233,0.997045628,0.943449225,2.1
UNC Wilmington,111.4,106.9,65.8,1.039035315,0.997045628,0.980710253,2.1
UNLV,110.1,103.1,65.6,1.026910127,0.961603407,0.97772937,3.59
USC,116.7,102.1,67.9,1.088468772,0.952276507,1.012009516,2.82
USC Upstate,99.3,116.7,72.2,0.926177799,1.088449249,1.076098484,2.1
UT Arlington,108.8,112.3,67.4,1.014784939,1.047410888,1.00455731,3.47
UT Rio Grande Valley,105.3,111.9,69.7,0.982140203,1.043680128,1.038837456,2.1
Utah,112,102.7,68.8,1.044631555,0.957872647,1.025423486,5.02
Utah St.,119.2,104,68.4,1.111786441,0.969997617,1.019461721,4.72
Utah Tech,101.8,114.1,66.7,0.949495467,1.064199309,0.994124223,2.1
Utah Valley,105.7,102.3,68.4,0.98587103,0.954141887,1.019461721,2.1
UTEP,106,104.1,68,0.98866915,0.970930307,1.013499957,2.1
UTSA,108.2,111.5,69.5,1.009188699,1.039949368,1.035856574,3
Valparaiso,105.5,112.3,68.1,0.984005617,1.047410888,1.014990398,3.04
Vanderbilt,117.5,101.6,69.6,1.095930426,0.947613057,1.037347015,3.2
VCU,114.3,95.4,66.8,1.06608381,0.889786276,0.995614664,4.01
Vermont,97.6,105.9,62.5,0.910321784,0.987718727,0.931525696,2.11
Villanova,120.2,105.1,63.1,1.121113508,0.980257207,0.940468342,3.52
Virginia,109.9,104,60.3,1.025044714,0.969997617,0.898735991,3.59
Virginia Tech,109.5,107.9,64.7,1.021313887,1.006372528,0.9643154,3.88
VMI,101.7,111.4,67.4,0.94856276,1.039016678,1.00455731,2.75
Wagner,93.5,112.4,60.6,0.872080807,1.048343578,0.903207315,3.25
Wake Forest,108.3,96.1,66.6,1.010121406,0.896315106,0.992633781,6.14
Washington,109.7,101.9,68.2,1.0231793,0.950411127,1.016480839,4.44
Washington St.,111.9,106.4,69.9,1.043698848,0.992382177,1.041818338,3.85
Weber St.,102.6,114.1,65.8,0.956957121,1.064199309,0.980710253,4.19
West Georgia,98.3,115.4,67.5,0.916850731,1.076324279,1.006047751,2.1
West Virginia,111.1,95.3,63.9,1.036237195,0.888853586,0.952391871,4.43
Western Carolina,94.2,112.2,70.3,0.878609754,1.046478198,1.047780103,3.44
Western Illinois,97.5,118.9,63,0.909389077,1.108968429,0.938977901,2.63
Western Kentucky,105.5,101.4,72.6,0.984005617,0.945747677,1.082060248,2.1
Western Michigan,100.6,114.6,67.4,0.938302986,1.068862759,1.00455731,3.88
Wichita St.,108.1,106,68.9,1.008255992,0.988651417,1.026913927,4.43
William & Mary,108.8,113,71.5,1.014784939,1.053939719,1.065665396,2.44
Winthrop,108.7,110.6,72.3,1.013852233,1.031555158,1.077588925,3.86
Wisconsin,123.3,97.6,67.1,1.150027417,0.910305456,1.000085987,3.01
Wofford,112.3,109.9,63.7,1.047429675,1.025026328,0.949410989,2.28
Wright St.,109.4,111.6,67.5,1.02038118,1.040882058,1.006047751,4.1
Wyoming,104.3,104.8,64.1,0.972813136,0.977459137,0.955372754,5.48
Xavier,114.6,100,68.1,1.068881931,0.932690016,1.014990398,5.35
Yale,116.6,103.7,68.1,1.087536066,0.967199547,1.014990398,2.39
Youngstown St.,101.6,105.4,69.6,0.947630054,0.983055277,1.037347015,3.55
