Team,R,RA,wR,wRA
Abilene Christian,6.70176,7.41628,1.055706774,1.12328914
Air Force,8.54166,7.22912,1.345540325,1.094941398
Akron,5.02128,10.19814,0.790986146,1.544636922
Alabama,8.0619,3.5575,1.269965269,0.538828242
Alabama A&M,3.94308,12.26856,0.621140755,1.858228143
Alabama State,5.16714,8.0507,0.813963004,1.21938005
Albany,4.042,8.54696,0.636723306,1.294544886
Alcorn State,3.3777,14.42528,0.532078256,2.184890587
Appalachian State,7.85023,5.72973,1.236621573,0.867839872
Arizona,5.6661,5.0964,0.892562574,0.771914056
Arizona State,9.36096,4.66602,1.474602028,0.706727577
Arkansas,8.75808,3.72632,1.379632274,0.56439816
Arkansas State,7.52334,3.72757,1.185127639,0.564587489
Arkansas-Pine Bluff,6.16193,7.94897,0.970669085,1.203971759
Army,5.0336,6.71988,0.792926876,1.017810577
Auburn,8.5743,2.8324,1.350681999,0.429002702
Austin Peay,6.22311,7.11459,0.980306574,1.077594385
Ball State,5.785,7.9268,0.91129251,1.200613833
Baylor,7.32034,4.81472,1.153149699,0.729250067
Bellarmine,5.56435,9.9225,0.876534222,1.502887767
Belmont,4.67995,7.68291,0.737217525,1.163673616
Bethune-Cookman,6.2356,6.71664,0.982274084,1.017319838
Binghamton,6.01197,7.00722,0.947046366,1.061331844
Boston College,7.46724,4.16832,1.176290385,0.631344635
Bowling Green,4.64922,6.64056,0.732376726,1.005796563
Bradley,4.44236,11.21848,0.699790734,1.699180283
Brown,4.87939,6.11874,0.768634669,0.926760342
Bryant,5.26812,6.46836,0.82987006,0.979714701
Bucknell,4.7828,7.23112,0.753419156,1.095244323
Butler,5.52233,8.63268,0.869914946,1.307528261
BYU,7.54621,5.40489,1.188730276,0.818638757
Cal Poly,6.83892,4.66336,1.07731315,0.706324686
Cal State Bakersfield,5.4653,7.9914,0.860931193,1.210398317
Cal State Fullerton,5.41891,4.1355,0.853623525,0.626373632
Cal State Northridge,5.76084,6.03046,0.907486662,0.913389223
California,6.14959,4.01804,0.968725204,0.608582833
California Baptist,6.3344,5.2773,0.997837731,0.799313642
Campbell,7.49892,4.95516,1.181280834,0.750521476
Canisius,4.24502,7.80715,0.668704396,1.182491331
Central Arkansas,5.4999,7.102,0.86638162,1.07568747
Central Connecticut,4.60265,9.92169,0.725040703,1.502765083
Central Michigan,5.65508,9.23352,0.890826628,1.398533057
Charleston,5.14047,5.68229,0.809761764,0.860654485
Charleston Southern,7.79016,7.24032,1.227158938,1.096637779
Charlotte,7.71282,4.97272,1.214975816,0.75318116
Cincinnati,8.62396,4.2218,1.35850478,0.639444855
Clemson,7.48125,3.8766,1.178497336,0.587159962
Coastal Carolina,8.2411,4.15635,1.298194071,0.629531627
Columbia,5.85,6.8018,0.921531751,1.030218394
Connecticut,6.61223,5.01433,1.0416034,0.759483519
Coppin State,4.43238,14.49539,0.698218616,2.195509631
Cornell,3.66168,8.69632,0.576812715,1.317167342
Creighton,6.49593,5.23102,1.023283034,0.792303953
Dallas Baptist,9.09549,5.26565,1.43278339,0.797549103
Dartmouth,3.26676,6.12256,0.514602233,0.92733893
Davidson,5.86034,9.9684,0.923160578,1.509839901
Dayton,6.7269,8.44784,1.059666998,1.279531912
Delaware,5.42184,7.55986,0.854085079,1.145036142
Delaware State,3.583,13.62368,0.564418507,2.063478158
Duke,7.91604,5.42864,1.246988411,0.822235994
East Carolina,8.29848,3.59174,1.307232959,0.544014322
East Tennessee State,7.53368,5.44122,1.186756466,0.824141394
Eastern Illinois,7.22325,6.69231,1.137855423,1.013634753
Eastern Kentucky,5.5032,8.43114,0.866901459,1.277002486
Eastern Michigan,5.3094,8.90885,0.836372766,1.349357691
Elon,4.9698,7.2058,0.782876666,1.091409289
Evansville,4.7991,6.8448,0.755986842,1.036731287
Fairfield,5.17836,5.742,0.815730455,0.869698318
Fairleigh Dickinson,6.81408,9.29632,1.073400184,1.408044909
FAU,6.22688,5.32828,0.98090045,0.807035206
FGCU,5.34996,5.31062,0.842762053,0.804360376
FIU,6.76845,7.22277,1.066212236,1.09397961
Florida,9.05168,3.61998,1.425882141,0.548291626
Florida A&M,5.8611,7.12205,0.923280299,1.078724296
Florida State,8.4791,3.10331,1.335685448,0.470035438
Fordham,5.84392,8.37408,0.920573988,1.26836003
Fresno State,5.35641,8.65018,0.843778101,1.310178857
Gardner-Webb,5.7629,8.16192,0.907811168,1.236225722
George Mason,5.97439,6.87258,0.941126509,1.040938918
George Washington,4.28324,7.87603,0.67472507,1.192924076
Georgetown,5.00624,8.41918,0.788616943,1.275190994
Georgia,11.21044,3.62796,1.765944685,0.549500298
Georgia Southern,6.76553,7.23396,1.065752258,1.095674477
Georgia State,6.55092,5.6966,1.031945433,0.862821915
Georgia Tech,13.01787,3.6935,2.05066334,0.559427157
Gonzaga,7.287,5.19156,1.147897756,0.786327238
Grambling State,5.5512,10.458,0.874462745,1.583995996
Grand Canyon,5.7513,6.3756,0.905983857,0.965665029
Harvard,4.82511,6.71092,0.760084114,1.016453472
Hawaii,4.54432,3.78084,0.715852166,0.572655902
High Point,7.18173,4.47772,1.13131491,0.678207167
Hofstra,6.8277,5.9301,1.075545699,0.898188435
Holy Cross,5.00383,8.23398,0.788237303,1.247140118
Houston,6.3536,4.82236,1.000862245,0.730407242
Houston Christian,6.07824,6.2933,0.957485667,0.953199656
Illinois,7.3298,4.8662,1.154639903,0.737047362
Illinois State,4.97835,6.88589,0.78422352,1.042954885
Incarnate Word,6.44504,8.07864,1.015266496,1.223611916
Indiana,7.39814,5.55296,1.165405284,0.841065826
Indiana State,6.31008,7.29054,0.994006679,1.104244231
Iona,3.66,7.60825,0.57654807,1.152365418
Iowa,8.256,5.4093,1.30054122,0.819306707
Jackson State,5.1319,9.594,0.80841176,1.453132299
Jacksonville,5.54654,5.17651,0.87372867,0.784047726
Jacksonville State,7.62631,3.81969,1.201348173,0.578540224
James Madison,5.86936,6.54826,0.92458147,0.991816564
Kansas,8.73796,4.54974,1.376462835,0.689115504
Kansas State,9.57744,4.95396,1.508703429,0.750339721
Kennesaw State,6.68044,4.99968,1.052348303,0.757264592
Kent State,6.8376,5.1459,1.077105214,0.779411455
Kentucky,8.50367,4.33827,1.339555882,0.657085706
La Salle,5.80887,9.70137,0.915052674,1.46939484
Lafayette,4.4388,9.6657,0.699229938,1.463992169
Lamar,5.8408,4.628,0.920082505,0.700968968
Le Moyne,5.9368,11.78991,0.935205077,1.785730564
Lehigh,4.36205,8.54925,0.687139757,1.294891736
Liberty,8.02087,4.0165,1.263501945,0.608349581
Lindenwood,4.96206,5.17191,0.781657409,0.783350998
Lipscomb,5.40145,7.02075,0.850873107,1.063381133
Little Rock,6.2988,4.76928,0.992229777,0.722367606
Long Beach State,4.50225,6.06125,0.709225013,0.918052757
Long Island,6.54544,8.44332,1.031082186,1.278847301
Longwood,5.8398,5.7582,0.919924978,0.872152012
Louisiana,7.0882,4.2405,1.116581429,0.642277206
Louisiana Tech,6.38439,4.42468,1.005712495,0.67017359
Louisville,9.67156,5.6588,1.52352985,0.857096629
Loyola-Marymount,5.07654,8.62592,0.799691076,1.306504374
LSU,9.18004,4.49562,1.44610228,0.680918348
Maine,6.01328,5.4828,0.947252726,0.830439209
Manhattan,4.99485,9.38125,0.786822713,1.420908629
Marist,5.29641,7.86456,0.834326493,1.1911868
Marshall,6.31386,6.23636,0.994602131,0.944575375
Maryland,9.30596,6.33204,1.465938054,0.959067318
Maryland Eastern Shore,4.29867,13.01998,0.677155708,1.972040179
McNeese,6.14453,5.18392,0.967928118,0.785170064
Memphis,7.21494,5.84668,1.136546375,0.885553424
Mercer,9.2034,5.64448,1.449782106,0.854927684
Mercyhurst,4.20558,9.90478,0.662491539,1.50020385
Merrimack,5.73999,8.0269,0.904202229,1.21577524
Miami (FL),9.66025,4.779,1.521748222,0.723839823
Miami (OH),9.57216,5.98976,1.507871687,0.907224695
Michigan,6.34239,4.18353,0.99909637,0.633648381
Michigan State,6.9845,4.6492,1.1002459,0.704179976
Middle Tennessee,5.68512,6.47714,0.895558733,0.981044543
Milwaukee,5.22265,8.9973,0.822707316,1.362754559
Minnesota,8.18818,4.17408,1.289857753,0.632217059
Mississippi State,10.6744,3.24,1.681504022,0.490738863
Mississippi Valley State,3.56965,11.92455,0.562315524,1.80612349
Missouri,7.2571,4.7275,1.143187705,0.716039498
Missouri State,9.34335,5.06675,1.471827981,0.767423189
Monmouth,5.93276,7.57206,0.934568669,1.146883986
Morehead State,6.90612,8.29683,1.08789895,1.256659543
Mount Saint Mary's,5.33088,8.46746,0.839756441,1.282503608
Murray State,5.21202,7.31712,0.821032807,1.108270107
Navy,4.11369,5.69311,0.648016402,0.862293311
Nebraska,8.57364,4.10432,1.350578032,0.621651028
Nevada,7.09148,7.4736,1.117098117,1.131970977
New Haven,3.87882,12.38994,0.611018083,1.876612675
New Mexico,6.13305,8.4101,0.966119711,1.273815713
New Mexico State,6.96524,8.36004,1.097211934,1.266233495
New Orleans,5.75694,7.03248,0.906872308,1.06515779
Niagara,4.47869,7.74774,0.705513682,1.173492937
Nicholls,5.9508,5.9862,0.937410452,0.906685488
NJIT,4.23192,7.77018,0.666640795,1.176891758
Norfolk State,4.5536,11.60425,0.717314014,1.757610015
North Alabama,6.29349,6.43167,0.99139331,0.974157538
North Carolina,10.08924,3.00079,1.589325642,0.454507491
North Carolina A&T,4.86668,8.67477,0.766632503,1.313903323
North Carolina State,9.48658,4.81182,1.494390544,0.728810826
North Dakota State,3.91476,8.50742,0.616679596,1.288556054
North Florida,5.07326,5.39733,0.799174389,0.8174937
Northeastern,6.81966,5.39352,1.074279184,0.816916627
Northern Colorado,4.21059,10.03212,0.663280748,1.519491099
Northern Illinois,6.61116,6.65344,1.041434847,1.007747401
Northern Kentucky,5.59636,10.8558,0.881576655,1.644247823
Northwestern,6.2466,6.42,0.984006878,0.972389969
Northwestern State,4.90204,5.05053,0.772202651,0.764966466
Notre Dame,8.49487,5.40351,1.338169646,0.818429738
Oakland,4.30976,10.71074,0.67890268,1.622276657
Ohio,4.48656,10.27392,0.706753418,1.556114759
Ohio State,7.3814,5.085,1.162768285,0.770187382
Oklahoma,8.40489,4.07493,1.323995385,0.617199541
Oklahoma State,9.7614,5.0999,1.537682058,0.772444175
Old Dominion,6.75136,6.05889,1.063520103,0.917695305
Ole Miss,8.29464,3.42336,1.306628056,0.518511047
Omaha,4.4934,8.40711,0.707830901,1.27336284
Oral Roberts,4.76532,5.64382,0.750665587,0.854827719
Oregon,8.45208,3.34004,1.331429074,0.505891183
Oregon State,7.4448,2.9785,1.172755484,0.45113139
Pacific,4.73947,7.45602,0.74659352,1.129308264
Penn,5.66055,6.0001,0.8916883,0.908790818
Penn State,6.10115,6.42486,0.961094606,0.973126077
Pepperdine,4.32078,6.35968,0.680638626,0.963253744
Pittsburgh,10.03706,5.05494,1.581105894,0.765634416
Portland,5.37473,4.41072,0.846663991,0.668059172
Prairie View A&M,4.176,11.8874,0.657831896,1.800496654
Presbyterian College,4.79823,7.84406,0.755849794,1.188081816
Princeton,4.05984,7.71912,0.639533584,1.169158077
Purdue,8.23688,5.0952,1.297529308,0.771732301
Queens,3.72294,7.43584,0.586462807,1.126251749
Quinnipiac,4.75953,7.54621,0.749753507,1.142968677
Radford,6.2944,6.36165,0.991536659,0.963552126
Rhode Island,7.13016,7.16452,1.123191253,1.085156913
Rice,5.96456,4.51308,0.939578021,0.683562885
Richmond,6.29476,6.0438,0.991593369,0.915409734
Rider,5.87252,6.84577,0.925079255,1.036878205
Rutgers,6.59044,5.1156,1.038170892,0.774822138
Sacramento State,7.02336,4.76292,1.106367392,0.721404304
Sacred Heart,5.0141,8.9754,0.789855103,1.359437528
Saint Bonaventure,5.03034,8.6432,0.792413338,1.309121648
Saint John's,6.30528,5.40246,0.993250551,0.818270703
Saint Joseph's,7.4061,6.98285,1.166659197,1.0576407
Saint Louis,4.07913,7.24268,0.642572276,1.096995231
Saint Mary's College,6.8976,5.9475,1.086556822,0.900823885
Saint Peter's,3.6113,12.3188,0.568876515,1.865837625
Saint Thomas,4.334,9.618,0.68272113,1.456767402
Sam Houston State,5.89164,5.9618,0.928091167,0.9029898
Samford,6.91982,4.9014,1.090057067,0.742378846
San Diego,6.05554,7.26788,0.953909809,1.100812088
San Diego State,6.19385,5.68458,0.97569734,0.861001335
San Francisco,4.12776,6.97984,0.650232804,1.057184798
San Jose State,5.81049,7.17597,0.915307868,1.08689116
Santa Clara,4.99044,4.96383,0.786128019,0.751834657
Seattle University,4.48698,7.68836,0.706819579,1.164499087
Seton Hall,3.77388,7.41957,0.594487222,1.123787452
Siena,4.3732,9.7857,0.68889618,1.482167682
SIUE,6.53626,6.17564,1.02963609,0.935378565
South Alabama,7.09995,4.28757,1.118432369,0.649406551
South Carolina,5.7408,3.9798,0.904329825,0.602790903
South Carolina Upstate,8.04308,5.68555,1.267000615,0.861148254
South Dakota State,4.88976,8.71178,0.770268222,1.319508954
South Florida,6.83475,4.5838,1.076656263,0.694274321
Southeast Missouri,7.2058,4.69872,1.13510658,0.711680404
Southeastern Louisiana,7.36909,5.3706,1.160829131,0.813445104
Southern,5.74314,9.2552,0.904698438,1.401816766
Southern Illinois,4.61757,6.84969,0.727391003,1.037471939
Southern Indiana,5.7891,6.8922,0.91193837,1.043910614
Southern Miss,7.73652,3.34752,1.218709201,0.507024123
Stanford,7.30702,5.72832,1.151051442,0.867626309
Stephen F. Austin,5.25271,6.75297,0.827442572,1.022822475
Stetson,5.3568,5.7401,0.843839536,0.869410539
Stonehill,5.28082,9.072,0.83187065,1.374068816
Stony Brook,6.12379,6.41079,0.964661013,0.970994998
Tarleton State,7.68096,5.37044,1.209957012,0.81342087
TCU,7.72455,4.47425,1.216823605,0.677681592
Tennessee,8.57448,3.7105,1.350710354,0.562002022
Tennessee Tech,6.09966,8.2008,0.960859891,1.242114588
Tennessee-Martin,6.3453,9.1799,0.999554773,1.390411632
Texas,10.03968,3.18296,1.581518614,0.482099435
Texas A&M,10.73518,3.92472,1.6910785,0.594448343
Texas A&M-Corpus Christi,5.29587,6.62574,0.834241428,1.003551887
Texas Southern,5.43928,8.46354,0.856832346,1.281909875
Texas State,7.94486,4.70736,1.251528333,0.712989041
Texas Tech,9.27682,7.00526,1.461347723,1.061034977
The Citadel,7.36515,4.31946,1.160208475,0.654236694
Toledo,7.01008,5.6243,1.104275436,0.851871169
Towson,5.67052,8.46307,0.893258842,1.281838688
Troy,8.62437,4.38163,1.358569366,0.663653125
Tulane,6.38304,5.49692,1.005499834,0.832577861
UAB,8.62575,6.02833,1.358786753,0.913066608
UC Davis,4.82688,4.91522,0.760362937,0.74447206
UC Irvine,5.7699,4.92765,0.908913855,0.74635474
UC Riverside,4.2192,7.9632,0.664637054,1.206127072
UC San Diego,7.03424,5.50374,1.108081283,0.833610836
UC Santa Barbara,6.8355,3.322,1.076774408,0.503158797
UCF,8.20548,3.719,1.292582967,0.563289454
UCLA,9.3141,2.8652,1.467220322,0.433970676
UIC,4.76966,7.56405,0.751349254,1.14567077
ULM,7.05545,6.47555,1.111422427,0.980803717
UMass,4.84828,8.87796,0.76373401,1.344679011
UMass-Lowell,5.28382,8.10768,0.832343231,1.22801039
UMBC,5.60476,7.52384,0.88289988,1.139580459
UNC Asheville,5.03316,9.08172,0.792857564,1.375541033
UNCG,6.6456,6.10796,1.04686007,0.925127576
UNCW,6.54948,4.37766,1.031718594,0.663051818
UNLV,6.9581,9.02664,1.096087193,1.367198472
USC,8.46432,2.87812,1.333357202,0.435927573
UTA,5.66228,5.73988,0.891960821,0.869377217
Utah,7.632,6.2856,1.2022445,0.952033394
Utah Tech,6.19552,7.48926,0.97596041,1.134342881
Utah Valley,5.5935,9.00965,0.881126128,1.364625122
UTRGV,6.95808,5.4977,1.096084042,0.832696002
UTSA,9.16284,5.01486,1.443392819,0.759563794
Valparaiso,4.416,7.97848,0.695638327,1.20844142
Vanderbilt,8.67616,4.3527,1.366727679,0.659271311
VCU,7.1225,4.7606,1.121984598,0.721052911
Villanova,4.9626,8.40484,0.781742473,1.27301902
Virginia,9.75645,4.5167,1.5369023,0.68411118
Virginia Tech,7.8182,5.1114,1.231575989,0.774185995
VMI,5.96337,7.58948,0.939390564,1.149522464
Wagner,5.91956,9.7584,0.932489315,1.478032753
Wake Forest,9.35439,3.66961,1.473567077,0.555808716
Washington,6.10014,4.91796,0.960935504,0.744887067
Washington State,7.23162,5.52618,1.139173922,0.837009657
West Georgia,5.33844,7.83852,0.840947344,1.187242713
West Virginia,8.57475,3.63262,1.350752886,0.550206114
Western Carolina,7.4319,4.87928,1.170723389,0.739028493
Western Illinois,5.6234,8.5158,0.88583618,1.289825311
Western Kentucky,6.47451,5.16021,1.01990881,0.781578885
Western Michigan,5.63913,6.74635,0.888314076,1.021819792
Wichita State,7.0868,5.24742,1.116360892,0.794787939
William & Mary,5.91888,8.2896,0.932382197,1.255564468
Winthrop,6.66468,5.81269,1.049865681,0.88040521
Wofford,7.2735,5.30265,1.145771144,0.803153219
Wright State,6.21138,6.09352,0.978458785,0.922940455
Xavier,6.37392,5.40464,1.00406319,0.818600891
Yale,5.71748,6.49385,0.9006563,0.983575483
Youngstown State,3.703,9.024,0.583321722,1.366798611
