Team,SOS,oRating,dRating,Yds/Play,Last 3,wYds/Play,D Yds/Play,Last 3,wD Yds/Play,Yds/Point,Last 3,wYds/Point,D Yds/Point,Last 3,wD Yds/Point,PlaysGame,dPlaysGame,HomeAdv
Air Force,1.0,1.144,0.748,5.2,5.0,5.162,5.1,5.9,5.354,13.4,13.0,13.261,13.7,16.0,14.524,74.5,54.2,2.7
Akron,1.0,0.765,1.222,5.1,4.6,4.941,6.8,7.3,6.95,17.6,15.9,17.007,12.4,13.2,12.658,65.4,61.2,1.1
Alabama,1.2,1.875,0.683,7.3,8.4,7.678,4.9,5.8,5.233,9.7,11.1,10.154,14.8,17.4,15.7,65.6,62.4,3.4
App State,1.0,1.205,0.836,6.6,5.8,6.328,5.0,5.2,5.065,13.4,11.7,12.793,15.1,16.0,15.423,70.2,67.8,1.9
Arizona,1.0,1.249,0.625,6.4,6.5,6.465,4.8,4.6,4.731,13.9,14.1,13.968,17.5,16.8,17.273,70.0,60.6,2.3
Arizona St,1.3,1.518,1.034,6.1,4.9,5.701,5.2,5.7,5.365,12.6,10.2,11.745,10.7,11.7,11.068,68.5,65.5,2.8
Arkansas,1.4,0.919,0.864,4.8,5.0,4.858,5.7,5.9,5.731,16.8,17.5,17.075,11.6,12.1,11.785,69.6,58.4,1.7
Arkansas St,1.1,1.029,0.837,6.1,5.4,5.823,6.3,6.3,6.328,14.5,12.8,13.878,17.0,17.0,16.984,57.2,62.8,2.4
Army,1.1,1.33,0.697,6.5,5.6,6.166,6.9,8.1,7.307,12.9,11.0,12.239,18.9,22.3,20.07,66.0,54.2,2.1
Auburn,1.2,1.084,0.705,5.6,5.3,5.499,4.7,5.2,4.886,14.7,13.7,14.323,16.6,18.1,17.125,69.8,75.0,2.6
Ball St,1.2,0.783,1.266,4.9,4.8,4.86,6.7,6.3,6.525,15.2,15.1,15.187,12.5,11.8,12.221,60.0,70.8,2.3
Baylor,1.1,1.287,0.508,5.8,5.9,5.827,4.4,4.9,4.554,13.4,13.8,13.53,22.3,24.8,23.155,80.8,72.2,2.6
Boise St,1.1,1.384,0.71,6.3,6.5,6.352,6.8,5.3,6.245,12.6,13.1,12.777,18.0,14.1,16.614,69.2,54.8,2.9
Boston College,1.3,0.734,0.754,5.4,5.1,5.301,4.7,4.1,4.518,18.3,17.1,17.856,13.5,11.8,12.898,64.0,66.8,2.2
Bowling Green,1.2,0.485,1.103,4.4,4.4,4.396,6.7,5.7,6.363,22.3,22.0,22.211,12.2,10.4,11.531,57.6,59.8,1.3
Buffalo,0.9,0.931,1.186,4.2,4.1,4.192,6.2,6.6,6.325,15.2,14.7,15.001,13.3,14.2,13.6,73.0,65.8,3.1
BYU,1.2,1.488,0.484,6.8,6.5,6.728,4.5,4.9,4.618,11.2,10.7,11.017,18.7,20.4,19.282,61.0,59.5,2.3
C Michigan,1.2,0.762,0.865,4.8,5.5,5.037,5.6,6.4,5.883,15.8,18.1,16.601,14.4,16.4,15.101,58.0,65.2,2.1
California,1.1,1.08,0.914,5.5,6.2,5.706,5.6,4.8,5.291,14.5,16.3,15.13,13.8,11.8,13.128,71.6,66.0,2.8
Charlotte,1.3,0.676,1.316,5.0,4.1,4.687,6.1,5.7,5.97,16.2,13.4,15.259,11.0,10.2,10.705,56.0,72.8,1.4
Cincinnati,1.1,1.399,0.816,6.5,6.1,6.382,5.8,6.5,6.076,12.5,11.8,12.274,17.3,19.4,18.017,65.0,68.8,1.6
Clemson,1.2,0.84,0.846,4.7,5.3,4.931,5.4,5.3,5.329,16.2,18.2,16.929,14.4,14.3,14.375,66.6,69.6,2.4
Coastal Car,1.0,0.969,0.898,5.9,5.4,5.701,6.1,7.0,6.44,15.6,14.2,15.126,15.3,17.6,16.075,65.8,62.4,2.1
Colorado,1.2,0.818,0.852,5.3,4.9,5.201,5.1,5.1,5.076,21.4,19.7,20.803,13.7,13.9,13.79,74.4,69.0,2.9
Colorado St,1.1,1.535,1.35,6.8,6.0,6.509,7.6,8.7,7.997,11.9,10.6,11.487,12.1,13.8,12.678,66.0,61.2,2.3
Delaware,1.1,0.88,0.917,5.5,5.0,5.335,5.5,6.3,5.766,16.5,15.1,16.005,15.3,17.6,16.082,64.2,71.4,2.5
Duke,0.8,1.286,0.445,6.8,7.4,7.002,4.4,4.4,4.407,12.9,14.1,13.328,23.3,23.0,23.236,69.0,58.0,3.2
E Carolina,1.3,0.917,0.816,5.5,6.0,5.667,4.7,4.3,4.537,13.8,15.1,14.227,13.3,12.1,12.893,60.2,71.8,2.1
E Michigan,1.0,0.955,0.919,4.8,5.1,4.9,5.7,5.8,5.723,13.9,14.8,14.221,14.3,14.6,14.422,64.3,63.0,1.9
Florida,1.3,1.781,0.885,7.1,6.0,6.764,5.8,7.0,6.215,10.7,9.0,10.102,14.7,17.9,15.812,69.0,69.2,2.7
Florida Atlantic,1.0,1.366,0.957,5.7,6.3,5.924,6.2,5.0,5.764,11.6,12.6,11.976,15.4,12.4,14.344,75.2,66.2,1.5
Florida Intl,1.0,0.704,0.525,5.8,6.1,5.92,4.0,4.1,4.062,23.4,24.4,23.762,16.9,17.3,17.018,72.2,60.8,2.3
Florida St,1.3,1.348,0.679,6.9,7.7,7.164,5.7,4.9,5.423,12.9,14.5,13.421,18.1,15.8,17.273,62.2,68.8,2.0
Fresno St,0.9,1.046,0.631,5.7,5.8,5.771,5.5,5.1,5.347,12.8,13.0,12.911,21.7,20.1,21.126,62.2,64.8,2.7
Georgia,0.8,1.888,0.547,7.9,6.8,7.499,4.0,5.0,4.308,9.3,7.9,8.812,18.6,23.2,20.192,60.4,62.8,1.4
Georgia So,1.0,0.986,0.86,5.7,5.9,5.763,5.0,6.2,5.433,15.4,16.1,15.661,13.3,16.3,14.381,67.4,63.0,3.8
Georgia St,0.8,1.449,0.773,6.7,6.2,6.537,5.0,5.0,5.012,11.9,11.1,11.614,15.8,16.0,15.879,70.0,60.2,1.4
Georgia Tech,0.9,1.01,1.01,5.7,5.9,5.785,5.6,6.1,5.74,13.7,14.0,13.819,14.7,16.0,15.177,64.5,68.8,1.8
Hawai'i,0.8,0.643,1.027,5.2,5.9,5.43,6.0,5.8,5.934,20.7,23.6,21.72,15.6,15.0,15.362,70.4,64.2,2.5
Houston,1.2,1.726,0.666,7.0,6.1,6.655,5.3,6.1,5.573,11.9,10.4,11.394,16.0,18.3,16.831,70.2,59.8,1.8
Illinois,1.2,1.283,0.861,6.8,6.9,6.845,5.8,5.7,5.753,13.5,13.7,13.557,14.8,14.6,14.737,60.6,66.6,1.7
Indiana,1.1,1.535,0.372,7.9,7.8,7.846,4.0,4.5,4.167,11.1,10.9,11.041,21.3,23.7,22.149,62.2,57.4,2.6
Iowa,1.0,1.192,0.455,6.1,6.4,6.237,4.5,5.2,4.738,13.2,13.9,13.463,22.0,25.3,23.163,62.6,61.6,2.7
Iowa St,1.1,1.389,0.738,6.2,6.6,6.341,5.3,6.2,5.631,11.6,12.4,11.851,15.1,17.7,15.991,62.8,60.2,3.0
J Madison,0.9,1.608,0.513,6.9,6.4,6.769,4.5,4.8,4.57,10.3,9.5,10.002,24.2,25.9,24.791,66.2,71.6,3.1
Jacksonville St,0.9,1.026,0.849,6.4,6.7,6.514,5.0,4.9,4.974,14.1,14.8,14.36,14.8,14.3,14.602,60.4,64.0,2.5
Kansas,1.1,1.339,0.589,6.5,6.0,6.31,4.0,4.4,4.16,13.5,12.4,13.145,13.7,15.1,14.193,75.0,58.0,2.4
Kansas St,0.9,1.588,0.597,6.7,6.3,6.515,4.6,5.4,4.885,11.9,11.2,11.662,16.4,19.4,17.46,72.5,54.5,3.5
Kennesaw St,1.2,0.937,0.743,5.5,5.2,5.411,5.6,6.5,5.929,16.6,15.9,16.359,15.7,18.0,16.469,65.8,62.5,2.5
Kent St,1.2,0.564,1.071,4.3,3.9,4.173,5.8,5.5,5.673,17.8,16.0,17.192,11.0,10.5,10.805,61.8,59.8,1.5
Kentucky,1.4,1.34,0.815,6.5,7.0,6.669,5.2,5.3,5.257,12.2,13.1,12.529,14.0,14.4,14.163,65.0,72.2,2.4
Liberty,1.0,1.156,0.65,6.3,7.0,6.564,5.1,5.0,5.046,13.7,15.2,14.252,17.2,17.0,17.121,66.0,60.4,3.0
Louisiana,0.9,1.054,0.734,5.8,5.1,5.56,4.5,4.1,4.345,13.3,11.6,12.719,13.3,12.1,12.901,66.8,57.6,2.3
Louisiana Tech,1.4,1.652,0.9,6.2,5.3,5.924,5.1,6.2,5.497,10.8,9.2,10.244,12.5,15.0,13.411,62.2,70.8,2.7
Louisville,1.3,1.462,0.926,7.6,7.2,7.47,5.8,6.1,5.894,12.8,12.0,12.501,14.4,15.4,14.735,64.6,73.0,3.3
LSU,1.1,1.638,0.525,6.5,6.5,6.537,3.8,4.4,4.002,12.5,12.5,12.475,14.0,16.5,14.901,83.2,56.6,3.6
Marshall,1.1,0.897,1.215,5.5,6.5,5.85,7.2,8.0,7.455,16.9,20.1,18.024,13.6,15.2,14.186,68.4,66.6,2.0
Maryland,1.5,1.295,0.881,5.9,5.0,5.558,5.1,6.5,5.572,13.8,11.7,13.09,10.6,13.5,11.624,71.6,63.0,2.1
Memphis,0.9,1.423,0.856,8.1,8.4,8.196,6.2,6.0,6.162,14.2,14.7,14.396,17.3,16.6,17.056,67.8,62.0,2.4
Miami,0.8,1.794,0.392,8.1,6.9,7.703,4.0,4.4,4.138,11.1,9.4,10.498,24.5,26.8,25.335,67.6,60.0,1.8
Miami OH,1.1,1.048,1.023,6.5,6.4,6.459,6.2,6.0,6.111,13.9,13.8,13.882,13.4,13.1,13.268,57.6,63.4,2.7
Michigan,0.9,0.945,0.611,5.3,5.4,5.318,4.0,4.0,4.008,13.5,13.7,13.549,15.2,15.3,15.219,58.6,60.0,2.5
Michigan St,1.3,0.794,0.732,4.5,3.7,4.192,5.6,5.8,5.69,16.6,13.6,15.569,14.1,14.4,14.225,67.6,58.0,1.1
Middle Tenn,1.0,0.804,1.011,5.4,4.6,5.106,6.4,6.9,6.56,14.8,12.4,13.943,14.4,15.7,14.9,56.8,63.6,2.4
Minnesota,1.0,1.251,0.665,5.4,5.2,5.334,4.4,4.1,4.314,11.0,10.5,10.836,13.5,12.7,13.182,65.0,55.0,2.8
Mississippi,1.3,1.285,0.967,6.6,6.7,6.617,5.9,5.5,5.74,12.5,12.7,12.581,13.1,12.3,12.833,67.5,68.8,2.3
Mississippi St,1.3,1.465,0.884,6.8,5.7,6.401,5.5,6.3,5.794,12.4,10.4,11.686,13.7,15.6,14.321,71.2,69.2,2.5
Missouri,1.3,1.485,0.637,6.5,6.3,6.457,4.7,5.3,4.918,11.7,11.3,11.575,15.7,17.8,16.425,67.4,66.8,2.9
Missouri St,1.1,0.91,1.128,5.2,6.4,5.612,6.0,6.1,6.035,13.3,16.3,14.322,13.6,13.7,13.625,61.2,72.2,2.5
N Illinois,1.2,0.636,1.192,4.5,5.2,4.73,5.9,5.6,5.78,21.2,24.8,22.447,10.6,10.2,10.445,65.2,65.5,0.8
N Texas,1.2,1.644,1.097,7.0,7.7,7.239,5.8,5.6,5.709,12.8,14.0,13.23,11.6,11.2,11.453,74.2,66.2,2.4
Navy,1.1,0.999,0.794,5.9,5.6,5.803,5.3,4.9,5.138,15.0,14.3,14.766,13.9,13.0,13.606,64.2,60.2,2.6
NC State,1.2,1.448,0.848,6.3,5.8,6.085,6.1,7.4,6.529,12.3,11.4,11.971,13.8,16.7,14.842,72.4,58.2,2.6
Nebraska,0.8,1.571,0.581,6.7,6.1,6.516,4.4,4.6,4.452,10.9,9.9,10.58,18.3,19.2,18.622,70.8,59.4,1.6
Nevada,0.9,0.966,0.962,6.0,5.2,5.717,5.0,5.2,5.095,14.0,12.1,13.322,15.3,15.9,15.495,63.5,73.8,2.2
New Mexico,0.8,1.593,0.44,5.9,5.8,5.853,4.4,5.3,4.728,8.8,8.7,8.767,23.5,28.6,25.246,65.0,56.6,1.6
New Mexico St,1.0,1.083,0.948,6.1,5.8,5.986,5.6,5.8,5.631,14.3,13.6,14.038,14.1,14.6,14.248,65.2,66.8,3.0
North Carolina,1.1,1.086,0.698,6.1,6.2,6.139,5.1,5.4,5.194,14.6,14.9,14.708,18.1,19.4,18.511,57.5,69.5,1.8
Northwestern,1.2,1.48,0.57,7.0,6.3,6.725,5.5,5.7,5.564,13.4,12.1,12.941,23.1,24.0,23.418,63.5,70.5,2.1
Notre Dame,0.9,1.599,0.457,6.6,6.7,6.628,4.0,4.2,4.052,10.4,10.5,10.456,18.3,19.1,18.61,65.0,54.2,3.3
Ohio,1.1,1.032,0.931,5.4,6.2,5.713,5.4,4.6,5.139,12.8,14.6,13.429,12.9,11.0,12.272,63.0,64.0,3.4
Ohio St,0.9,1.642,0.479,7.5,7.4,7.441,4.1,4.5,4.231,12.1,12.0,12.096,20.6,22.5,21.29,68.6,63.4,2.9
Oklahoma,1.2,0.926,0.527,5.3,4.7,5.062,4.3,4.5,4.358,14.7,13.2,14.207,15.0,15.8,15.254,61.8,56.0,3.4
Oklahoma St,1.4,1.443,0.61,7.2,8.2,7.591,5.0,4.5,4.811,15.1,17.1,15.792,15.7,14.3,15.226,77.5,62.5,2.5
Old Dominion,1.4,0.851,1.004,4.4,3.4,4.062,4.9,5.4,5.076,13.4,10.4,12.35,11.0,12.0,11.312,60.2,72.2,1.5
Oregon,1.3,1.933,0.732,6.9,6.6,6.837,4.9,5.1,4.986,10.4,9.9,10.219,13.7,14.4,13.938,71.0,65.0,2.5
Oregon St,1.2,1.317,0.792,7.3,8.1,7.577,5.5,5.0,5.305,12.9,14.4,13.433,15.5,14.3,15.06,65.6,67.0,3.0
Penn St,1.0,1.232,0.595,6.1,5.6,5.899,4.7,5.2,4.836,12.4,11.4,12.093,17.9,19.8,18.557,65.6,61.4,3.3
Pittsburgh,1.2,1.548,0.439,6.6,6.7,6.671,4.7,4.8,4.707,12.1,12.3,12.195,21.3,21.9,21.498,70.2,61.2,2.3
Purdue,1.4,1.291,1.069,6.0,5.7,5.889,6.7,7.0,6.795,13.5,13.0,13.29,12.0,12.7,12.27,68.6,63.2,0.8
Rice,1.1,0.789,0.943,5.1,5.5,5.242,5.6,5.5,5.547,17.6,19.0,18.115,13.3,13.0,13.2,62.2,65.2,3.1
Rutgers,1.2,1.288,1.068,6.0,6.2,6.067,6.6,6.6,6.578,13.0,13.6,13.227,12.3,12.5,12.379,65.4,60.6,2.1
S Alabama,1.0,1.23,1.187,6.3,6.7,6.417,7.2,7.1,7.147,13.0,13.9,13.306,12.9,12.8,12.847,73.4,56.8,2.5
S Florida,0.8,1.059,0.592,5.7,6.0,5.827,5.1,5.0,5.078,12.7,13.4,12.968,21.5,20.9,21.286,59.2,61.2,2.2
Sam Houston,1.0,1.185,0.87,5.8,6.0,5.895,5.0,5.0,5.005,14.5,14.9,14.657,13.8,13.7,13.763,69.0,66.0,2.5
San Diego St,1.5,0.986,0.836,4.8,4.7,4.744,5.7,6.1,5.811,12.2,12.1,12.187,15.5,16.6,15.898,63.2,78.8,1.6
San Jose St,0.0,1.0,1.0,5.8,5.8,5.8,5.8,5.8,5.8,14.5,14.5,14.5,14.5,14.5,14.5,68.0,68.0,2.5
SMU,1.1,1.287,0.823,7.1,5.7,6.598,5.0,5.4,5.114,14.1,11.3,13.119,13.6,14.8,14.008,68.8,63.0,3.7
South Carolina,1.3,1.394,0.868,6.8,5.8,6.427,5.4,6.7,5.855,13.1,11.3,12.478,12.4,15.3,13.414,73.0,61.4,2.6
Southern Miss,1.0,0.964,1.085,5.4,5.1,5.299,5.8,6.4,5.98,15.7,14.7,15.355,14.1,15.7,14.696,71.0,72.5,2.4
Stanford,1.2,0.754,1.26,5.0,4.5,4.844,6.6,6.8,6.672,19.2,17.4,18.597,12.1,12.5,12.226,66.8,70.0,1.3
Syracuse,1.2,1.411,0.754,5.7,5.3,5.554,4.9,5.7,5.184,13.0,12.2,12.705,13.6,15.7,14.312,79.5,63.5,2.9
TCU,1.1,1.107,0.473,6.1,5.6,5.91,4.6,4.4,4.539,15.8,14.5,15.357,19.1,18.5,18.901,66.0,55.8,1.9
Temple,1.2,1.117,0.816,6.3,6.7,6.44,5.7,5.6,5.674,14.1,15.1,14.478,15.0,14.8,14.963,58.0,65.4,3.5
Tennessee,1.0,1.534,0.559,6.0,4.8,5.55,4.7,4.9,4.753,11.3,9.1,10.556,19.3,20.1,19.575,70.0,62.6,2.5
Texas,1.3,1.357,0.417,5.3,4.6,5.076,4.2,3.9,4.114,11.4,10.0,10.915,20.3,19.1,19.871,71.5,64.0,3.2
Texas A&M,1.1,1.177,0.639,4.9,4.7,4.831,5.5,6.6,5.857,11.0,10.6,10.848,15.9,19.1,17.005,71.4,54.0,2.2
Texas St,1.2,1.325,1.113,6.9,7.9,7.25,5.6,5.0,5.374,15.6,17.7,16.334,12.5,11.3,12.076,78.4,74.6,2.0
Texas Tech,1.1,1.381,0.556,6.1,6.4,6.194,5.0,5.0,4.961,11.7,12.4,11.961,21.5,21.6,21.559,67.2,70.4,3.3
Toledo,0.8,1.518,1.042,6.9,6.8,6.905,4.7,5.4,4.935,11.4,11.3,11.368,12.5,14.5,13.225,69.8,68.6,2.7
Troy,1.0,0.847,0.801,5.2,5.2,5.226,5.3,5.2,5.25,17.6,17.6,17.583,14.3,14.2,14.285,71.5,58.5,1.8
Tulane,1.3,0.765,0.758,5.8,6.2,5.913,6.1,6.5,6.245,18.7,20.0,19.159,18.3,19.4,18.667,60.8,69.5,3.5
Tulsa,1.2,1.039,0.724,5.3,5.1,5.229,5.2,5.4,5.306,12.8,12.2,12.602,19.1,19.8,19.322,67.0,77.2,0.7
UAB,1.0,0.867,0.859,5.1,4.9,5.069,5.1,4.6,4.943,14.1,13.6,13.898,13.3,12.0,12.843,65.8,60.8,4.0
UCF,1.3,1.486,0.556,6.1,5.8,6.032,4.7,5.3,4.907,10.7,10.1,10.501,19.1,21.8,20.074,56.4,72.0,2.4
UCLA,1.0,1.56,0.678,7.4,7.0,7.287,4.7,4.8,4.749,10.9,10.3,10.706,17.1,17.2,17.161,65.8,67.8,1.6
UConn,1.1,1.305,0.93,6.5,6.3,6.43,5.4,6.0,5.588,12.0,11.7,11.861,15.4,17.0,15.955,66.4,74.8,2.5
UL Monroe,1.2,0.879,1.46,5.4,6.3,5.706,7.1,6.7,6.968,15.1,17.5,15.93,11.3,10.8,11.124,67.0,71.2,1.9
UMass,1.0,1.14,0.668,6.5,6.1,6.351,4.6,4.3,4.485,10.9,10.3,10.705,17.3,16.2,16.882,53.6,67.0,1.4
UNLV,1.1,0.904,0.846,5.9,5.9,5.909,5.6,5.8,5.702,15.9,15.9,15.885,16.5,16.9,16.624,67.2,68.8,2.3
USC,1.2,1.52,0.858,6.7,6.2,6.495,5.8,6.5,6.045,12.6,11.6,12.235,13.3,14.7,13.79,70.3,58.2,2.8
Utah,0.8,1.661,0.413,7.2,6.8,7.085,3.9,3.9,3.9,11.3,10.7,11.098,25.0,25.4,25.113,67.8,66.0,3.3
Utah St,1.2,0.624,0.854,5.1,5.5,5.261,5.4,6.1,5.647,23.3,24.8,23.826,15.2,17.3,15.948,63.4,70.6,3.1
UTEP,1.2,0.75,1.414,4.9,3.9,4.515,6.4,7.2,6.679,16.3,13.1,15.198,9.6,10.9,10.067,55.2,62.4,1.9
UTSA,1.1,1.135,0.902,5.9,5.0,5.554,5.3,5.0,5.183,12.1,10.2,11.426,15.3,14.7,15.113,64.6,76.4,2.5
Vanderbilt,1.3,1.043,0.816,5.6,5.6,5.635,5.3,5.9,5.489,14.0,14.1,14.022,13.4,14.9,13.919,63.2,63.4,1.3
Virginia,1.2,1.285,0.606,5.6,4.8,5.33,4.6,5.5,4.913,11.8,10.2,11.259,15.7,18.6,16.703,71.4,61.2,2.9
Virginia Tech,1.0,1.583,0.732,6.2,5.9,6.081,4.6,5.2,4.846,11.5,10.9,11.307,13.8,15.6,14.392,76.6,58.8,2.6
W Kentucky,1.4,0.862,1.221,4.9,5.7,5.181,6.8,5.9,6.494,17.7,20.4,18.631,10.7,9.2,10.2,71.2,62.2,2.7
W Michigan,0.9,0.913,0.758,5.1,5.0,5.078,5.3,5.3,5.271,13.2,12.9,13.088,17.9,17.9,17.932,59.8,66.0,2.4
Wake Forest,1.1,1.299,0.79,6.8,6.6,6.72,4.8,4.6,4.722,12.1,11.7,11.97,14.9,14.5,14.783,65.2,72.0,2.2
Washington,0.9,1.052,0.697,6.1,6.4,6.177,4.7,4.9,4.801,14.3,15.2,14.63,16.5,17.1,16.699,63.0,64.0,2.8
Washington St,1.2,0.866,0.847,4.8,5.4,4.968,5.6,5.0,5.36,14.9,16.8,15.532,14.8,13.3,14.279,59.4,66.6,3.7
West Virginia,1.2,1.552,0.967,6.8,6.7,6.722,6.6,7.2,6.783,12.9,12.7,12.832,15.8,17.4,16.393,71.4,69.6,2.9
Wisconsin,1.0,1.368,0.597,6.3,6.3,6.287,4.2,3.4,3.885,12.1,12.2,12.137,16.4,13.3,15.306,61.0,65.4,1.7
Wyoming,0.9,0.5,0.856,5.1,5.1,5.139,5.6,5.4,5.52,20.4,20.5,20.409,16.8,16.4,16.661,56.4,66.4,3.3
