Team,Spread,Opponent,GameTime,IsHome
Washington Commanders,-4.5,Indianapolis Colts,2026-10-04T13:30:00Z,true
Indianapolis Colts,4.5,Washington Commanders,2026-10-04T13:30:00Z,false
Baltimore Ravens,11.5,Tennessee Titans,2026-10-04T17:00:00Z,true
Tennessee Titans,-11.5,Baltimore Ravens,2026-10-04T17:00:00Z,false
Buffalo Bills,7.0,New England Patriots,2026-10-04T17:00:00Z,true
New England Patriots,-7.0,Buffalo Bills,2026-10-04T17:00:00Z,false
Chicago Bears,3.5,New York Jets,2026-10-04T17:00:00Z,true
New York Jets,-3.5,Chicago Bears,2026-10-04T17:00:00Z,false
Cincinnati Bengals,2.5,Jacksonville Jaguars,2026-10-04T17:00:00Z,true
Jacksonville Jaguars,-2.5,Cincinnati Bengals,2026-10-04T17:00:00Z,false
Houston Texans,3.0,Dallas Cowboys,2026-10-04T17:00:00Z,true
Dallas Cowboys,-3.0,Houston Texans,2026-10-04T17:00:00Z,false
New York Giants,-2.5,Arizona Cardinals,2026-10-04T17:00:00Z,true
Arizona Cardinals,2.5,New York Giants,2026-10-04T17:00:00Z,false
Philadelphia Eagles,-3.5,Los Angeles Rams,2026-10-04T17:00:00Z,true
Los Angeles Rams,3.5,Philadelphia Eagles,2026-10-04T17:00:00Z,false
Tampa Bay Buccaneers,-3.0,Green Bay Packers,2026-10-04T17:00:00Z,true
Green Bay Packers,3.0,Tampa Bay Buccaneers,2026-10-04T17:00:00Z,false
Minnesota Vikings,10.0,Miami Dolphins,2026-10-04T20:05:00Z,true
Miami Dolphins,-10.0,Minnesota Vikings,2026-10-04T20:05:00Z,false
Las Vegas Raiders,-4.5,Kansas City Chiefs,2026-10-04T20:25:00Z,true
Kansas City Chiefs,4.5,Las Vegas Raiders,2026-10-04T20:25:00Z,false
Seattle Seahawks,7.0,Los Angeles Chargers,2026-10-04T20:25:00Z,true
Los Angeles Chargers,-7.0,Seattle Seahawks,2026-10-04T20:25:00Z,false
San Francisco 49ers,3.0,Denver Broncos,2026-10-04T20:25:00Z,true
Denver Broncos,-3.0,San Francisco 49ers,2026-10-04T20:25:00Z,false
Carolina Panthers,-3.5,Detroit Lions,2026-10-05T00:20:00Z,true
Detroit Lions,3.5,Carolina Panthers,2026-10-05T00:20:00Z,false
New Orleans Saints,2.5,Atlanta Falcons,2026-10-06T00:15:00Z,true
Atlanta Falcons,-2.5,New Orleans Saints,2026-10-06T00:15:00Z,false
