Player,GAA,Sv%,Team
Adin Hill,3.044,0.8705,Vegas Golden Knights
Akira Schmid,2.594,0.8925,Vegas Golden Knights
Aleksei Kolosov,3.999,0.8298,Philadelphia Flyers
Alex Lyon,2.771,0.907,Buffalo Sabres
Alex Nedeljkovic,2.871,0.8961,San Jose Sharks
Andrei Vasilevskiy,2.309,0.9123,Tampa Bay Lightning
Anthony Stolarz,3.282,0.8927,Toronto Maple Leafs
Anton Forsberg,2.569,0.9097,Los Angeles Kings
Arsenii Sergeev,1.0,0.9643,Calgary Flames
Artur Akhtyamov,5.238,0.8765,Toronto Maple Leafs
Arturs Silovs,3.071,0.8882,Pittsburgh Penguins
Arvid Soderblom,3.799,0.8798,Chicago Blackhawks
Brandon Bussi,2.465,0.8947,Carolina Hurricanes
Brandon Halverson,4.219,0.8095,Tampa Bay Lightning
Calvin Pickard,3.68,0.8707,Edmonton Oilers
Cam Talbot,3.188,0.8833,Detroit Red Wings
Carl Lindbom,2.996,0.873,Vegas Golden Knights
Carter Hart,2.706,0.891,Vegas Golden Knights
Casey DeSmith,2.427,0.9066,Dallas Stars
Cayden Primeau,4.298,0.8375,Toronto Maple Leafs
Charlie Lindgren,3.515,0.8787,Washington Capitals
Clay Stevenson,2.002,0.9208,Washington Capitals
Colten Ellis,2.897,0.9033,Buffalo Sabres
Connor Hellebuyck,2.858,0.8953,Winnipeg Jets
Connor Ingram,2.598,0.8991,Edmonton Oilers
Dan Vladar,2.424,0.9057,Philadelphia Flyers
Daniil Tarasov,3.054,0.8951,Florida Panthers
Darcy Kuemper,2.784,0.8914,Los Angeles Kings
David Rittich,2.761,0.8944,New York Islanders
Dennis Hildeby,2.855,0.9142,Toronto Maple Leafs
Devin Cooley,2.689,0.9091,Calgary Flames
Drew Commesso,2.311,0.9176,Chicago Blackhawks
Dustin Wolf,3.01,0.8992,Calgary Flames
Dylan Garand,1.622,0.9479,New York Rangers
Elvis Merzlikins,3.396,0.883,Columbus Blue Jackets
Eric Comrie,3.127,0.8899,Winnipeg Jets
Filip Gustavsson,2.689,0.9041,Minnesota Wild
Frederik Andersen,3.054,0.874,Carolina Hurricanes
Hunter Shepard,3.354,0.8333,Ottawa Senators
Igor Shesterkin,2.5,0.9116,New York Rangers
Ilya Sorokin,2.678,0.9059,New York Islanders
Jacob Fowler,2.434,0.9085,Montréal Canadiens
Jacob Markstrom,3.066,0.8832,New Jersey Devils
Jake Allen,2.744,0.904,New Jersey Devils
Jake Oettinger,2.592,0.8994,Dallas Stars
Jakub Dobes,2.78,0.9014,Montréal Canadiens
James Reimer,2.421,0.8858,Ottawa Senators
Jeremy Swayman,2.708,0.9077,Boston Bruins
Jesper Wallstedt,2.614,0.9157,Minnesota Wild
Jet Greaves,2.601,0.9077,Columbus Blue Jackets
Jiri Patera,7.392,0.825,Vancouver Canucks
Joel Hofer,2.606,0.9096,St. Louis Blues
Joey Daccord,3.03,0.8975,Seattle Kraken
John Gibson,2.716,0.9014,Detroit Red Wings
Jonas Johansson,3.288,0.8836,Tampa Bay Lightning
Jonathan Quick,3.089,0.8912,New York Rangers
Joonas Korpisalo,3.152,0.8942,Boston Bruins
Jordan Binnington,3.328,0.8733,St. Louis Blues
Joseph Woll,3.336,0.8992,Toronto Maple Leafs
Justus Annunen,2.679,0.9072,Nashville Predators
Juuse Saros,3.164,0.8935,Nashville Predators
Karel Vejmelka,2.746,0.8967,Utah Mammoth
Kevin Lankinen,3.703,0.8755,Vancouver Canucks
Laurent Brossoit,6.086,0.7826,San Jose Sharks
Leevi Merilainen,3.509,0.8599,Ottawa Senators
Linus Ullmark,2.726,0.8907,Ottawa Senators
Logan Thompson,2.438,0.9118,Washington Capitals
Lukas Dostal,3.103,0.8883,Anaheim Ducks
Mackenzie Blackwood,2.505,0.9035,Colorado Avalanche
Mads Sogaard,4.65,0.8333,Ottawa Senators
Marcus Hogberg,8.9,0.7143,New York Islanders
Matt Murray,2.213,0.9216,Seattle Kraken
Nico Daws,2.619,0.908,New Jersey Devils
Nikita Tolopilo,3.614,0.8814,Vancouver Canucks
Nikke Kokko,3.039,0.8902,Seattle Kraken
Petr Mrazek,4.071,0.8583,Anaheim Ducks
Pheonix Copley,3.073,0.8929,Los Angeles Kings
Philipp Grubauer,2.646,0.9088,Seattle Kraken
Pyotr Kochetkov,2.326,0.8995,Carolina Hurricanes
Samuel Ersson,3.118,0.8696,Philadelphia Flyers
Samuel Montembeault,3.427,0.8724,Montréal Canadiens
Scott Wedgewood,2.024,0.9213,Colorado Avalanche
Sergei Bobrovsky,3.07,0.8768,Florida Panthers
Sergei Murashov,2.56,0.8965,Pittsburgh Penguins
Spencer Knight,2.824,0.9021,Chicago Blackhawks
Spencer Martin,4.129,0.8639,New York Rangers
Stuart Skinner,2.916,0.8879,Edmonton Oilers
Thatcher Demko,2.904,0.8969,Vancouver Canucks
Thomas Milic,3.462,0.871,Winnipeg Jets
Trent Miner,2.029,0.9327,Colorado Avalanche
Tristan Jarry,3.315,0.8822,Pittsburgh Penguins
Ukko-Pekka Luukkonen,2.515,0.9097,Buffalo Sabres
Victor Ostman,2.099,0.9428,Seattle Kraken
Ville Husso,3.247,0.8839,Anaheim Ducks
Vitek Vanecek,2.935,0.8834,Utah Mammoth
Vyacheslav Buteyets,9.0,0.7692,Anaheim Ducks
Yaroslav Askarov,3.628,0.8837,San Jose Sharks
