Team,GF,GA,wGF,wGA,wLeague,HomeAdv
Liverpool,1.422,0.832,1.045,0.61,90.6,0.1
Chelsea,2.04,2.389,1.497,1.753,90.6,0.1
Arsenal,1.636,0.754,1.198,0.55,90.6,0.1
Tottenham,0.37,1.585,0.272,1.163,90.6,0.1
Everton,1.214,0.616,0.889,0.451,90.6,0.1
Sunderland,1.158,1.915,0.847,1.405,90.6,0.1
Bournemouth,1.227,1.614,0.902,1.181,90.6,0.1
Crystal Palace,1.222,2.254,0.899,1.656,90.6,0.1
Manchester Utd,1.628,1.622,1.197,1.191,90.6,0.1
Nottm Forest,0.811,1.003,0.596,0.738,90.6,0.1
Brighton,3.189,1.03,2.338,0.755,90.6,0.1
Leeds Utd,1.411,0.614,1.035,0.45,90.6,0.1
Manchester City,2.548,0.954,1.868,0.699,90.6,0.1
Burnley,1.03125,1.96875,0.756880734,1.444954128,90.6,0.1
Brentford,1.983,0.806,1.458,0.594,90.6,0.1
West Ham Utd,1.25,1.78125,0.917431193,1.30733945,90.6,0.1
Newcastle Utd,1.802,1.795,1.325,1.316,90.6,0.1
Fulham,1.008,1.627,0.74,1.196,90.6,0.1
Aston Villa,0.75,1.798,0.552,1.322,90.6,0.1
Wolverhampton,0.75,1.8125,0.550458716,1.330275229,90.6,0.1
Real Madrid,2.583,1.133,1.912,0.842,84.8,0.1
Athletic Bilbao,1.179,1.013,0.872,0.749,84.8,0.1
Villarreal,1.843,1.723,1.362,1.275,84.8,0.1
FC Barcelona,4.43,0.995,3.276,0.738,84.8,0.1
Espanyol,1.432,1.421,1.06,1.05,84.8,0.1
Getafe,0.569,1.01,0.419,0.745,84.8,0.1
Elche,1.563,2.436,1.159,1.8,84.8,0.1
Real Betis,1.288,1.005,0.954,0.745,84.8,0.1
Valencia,0.558,1.852,0.414,1.372,84.8,0.1
Rayo Vallecano,1.575,2.295,1.161,1.701,84.8,0.1
Alaves,1.587,0.86,1.167,0.633,84.8,0.1
Sevilla FC,1.434,1.281,1.061,0.951,84.8,0.1
Osasuna,0.86,1.853,0.633,1.37,84.8,0.1
Celta Vigo,1.119,0.862,0.83,0.639,84.8,0.1
Real Oviedo,0.689655172,1.655172414,0.510204082,1.224489796,84.8,0.1
Atletico Madrid,2.281,1.005,1.686,0.744,84.8,0.1
Real Sociedad,1.272,1.854,0.943,1.371,84.8,0.1
Mallorca,1.172413793,1.620689655,0.867346939,1.198979592,84.8,0.1
Levante,1.336,1.978,0.989,1.463,84.8,0.1
Girona,1.068965517,1.517241379,0.790816327,1.12244898,84.8,0.1
Juventus,1.586,0.802,1.286,0.651,84.8,0.1
Napoli,1.414,1.209,1.149,0.985,84.8,0.1
Cremonese,0.8125,1.46875,0.659898477,1.192893401,84.8,0.1
AS Roma,2.827,0.573,2.297,0.465,84.8,0.1
Udinese,1.622,2.194,1.317,1.784,84.8,0.1
Inter Milan,3.002,1.572,2.438,1.276,84.8,0.1
Lazio,1.584,0.602,1.284,0.487,84.8,0.1
AC Milan,1.973,0.812,1.605,0.66,84.8,0.1
Como,1.845,1.178,1.496,0.961,84.8,0.1
Bologna,0.594,1.204,0.482,0.977,84.8,0.1
Atalanta,1.03,1.376,0.837,1.117,84.8,0.1
Fiorentina,1.186,2.434,0.96,1.978,84.8,0.1
Cagliari,0.993,0.408,0.806,0.331,84.8,0.1
Pisa,0.71875,1.8125,0.583756345,1.472081218,84.8,0.1
Genoa,0.586,2.003,0.477,1.626,84.8,0.1
Parma,0.76,1.405,0.616,1.144,84.8,0.1
Lecce,1.014,1.97,0.824,1.594,84.8,0.1
Hellas Verona,0.71875,1.71875,0.583756345,1.395939086,84.8,0.1
Torino,1.009,1.611,0.819,1.308,84.8,0.1
Sassuolo,1.802,1.793,1.46,1.459,84.8,0.1
Bayern Munich,3.417,0.521,2.132,0.326,84.2,0.1
E. Frankfurt,2.253,2.533,1.403,1.58,84.2,0.1
FC Koln,1.538,2.268,0.956,1.416,84.2,0.1
Dortmund,2.287,0.533,1.425,0.333,84.2,0.1
Sankt Pauli,0.866666667,1.7,0.540501792,1.060215054,84.2,0.1
Wolfsburg,1.344827586,2.24137931,0.838709677,1.397849462,84.2,0.1
FC Augsburg,2.766,1.427,1.723,0.887,84.2,0.1
Stuttgart,1.575,2.315,0.984,1.442,84.2,0.1
Hoffenheim,1.79,2.483,1.12,1.549,84.2,0.1
Union Berlin,1.05,4.124,0.654,2.571,84.2,0.1
RB Leipzig,2.318,1.223,1.445,0.758,84.2,0.1
Leverkusen,2.52,1.317,1.569,0.82,84.2,0.1
FSV Mainz,2.418,1.406,1.514,0.874,84.2,0.1
Monchengladbach,1.443,3.942,0.904,2.463,84.2,0.1
Hamburger SV,0.453,3.277,0.279,2.041,84.2,0.1
Werder Bremen,1.95,2.026,1.221,1.264,84.2,0.1
Heidenheim,1.103448276,2.206896552,0.688172043,1.376344086,84.2,0.1
Freiburg,2.998,0.724,1.87,0.453,84.2,0.1
Paris SG,1.598,1.423,1.148,1.02,84.3,0.1
Lyon,1.966,0.411,1.41,0.297,84.3,0.1
Lille,1.615,0.774,1.159,0.553,84.3,0.1
Monaco,1.595,0.591,1.146,0.421,84.3,0.1
Lens,1.822,1.794,1.31,1.285,84.3,0.1
Strasbourg,2.018,2.009,1.448,1.443,84.3,0.1
Toulouse,1.358,1.794,0.979,1.287,84.3,0.1
Angers,1.188,1.03,0.854,0.739,84.3,0.1
Rennes,1.64,1.763,1.178,1.268,84.3,0.1
Marseille,1.426,1.585,1.027,1.134,84.3,0.1
Le Havre,0.777,1.372,0.563,0.983,84.3,0.1
Nice,0.565,1.207,0.409,0.865,84.3,0.1
Nantes,0.857142857,1.607142857,0.615603848,1.154257214,84.3,0.1
Auxerre,1.386,2.458,0.995,1.765,84.3,0.1
Lorient,0.991,1.177,0.71,0.843,84.3,0.1
Paris FC,1.595,0.593,1.148,0.426,84.3,0.1
Brest,1.424,1.596,1.022,1.145,84.3,0.1
Metz,0.896551724,2.172413793,0.643907473,1.560237338,84.3,0.1
Ajax Amsterdam,1.9,1.233333333,1.197478992,0.777310924,77.4,0.1
FC Kobenhavn,1.631578947,1.473684211,1.033333333,0.933333333,76.6,0.1
Olympiakos,1.8,0.44,1.397515528,0.341614907,73.9,0.1
Benfica,2.103448276,0.620689655,1.546810564,0.456435904,78.8,0.1
Bodo/Glimt,1.04,3.48,0.659,2.205,75.1,0.1
Club Brugge,1.962,2.356,1.522,1.827,80,0.1
Galatasaray,1.47,2.195,1.12,1.673,75.8,0.1
Slavia Prague,2.054,2.139,1.58,1.643,74.6,0.1
Royale Union SG,1.620689655,0.551724138,1.256684492,0.427807487,80,0.1
Sporting CP,2.858,0.858,2.102,0.631,78.8,0.1
Qarabag,2.115384615,0.692307692,1.625380269,0.531942634,70.4,0.1
Paphos,2.038461538,0.923076923,#REF!,#REF!,74.8,0.1
Kairat Almaty,2.038461538,0.923076923,#REF!,#REF!,70.4,0.1
PSV Eindhoven,1.679,1.126,1.059,0.71,77.4,0.1
Atlanta United,1.3,1.5,0.955,1.101,72,0.1
Austin FC,1.3,1.3,0.955,0.955,72,0.1
CF Montréal,1.2,1.4,0.881,1.028,72,0.1
Charlotte FC,1.1,1.4,0.808,1.028,72,0.1
Chicago Fire,0.9,1.7,0.661,1.248,72,0.1
Colorado Rapids,1.0,1.4,0.734,1.028,72,0.1
Columbus Crew,1.5,1.1,1.101,0.808,72,0.1
D.C. United,1.0,1.6,0.734,1.175,72,0.1
FC Cincinnati,1.6,1.0,1.175,0.734,72,0.1
FC Dallas,1.1,1.5,0.808,1.101,72,0.1
Houston Dynamo,1.2,1.3,0.881,0.955,72,0.1
Inter Miami,1.7,1.3,1.248,0.955,72,0.1
LA Galaxy,1.7,1.1,1.248,0.808,72,0.1
Los Angeles FC,1.8,1.1,1.322,0.808,72,0.1
Minnesota United,1.3,1.4,0.955,1.028,72,0.1
Nashville SC,1.3,1.2,0.955,0.881,72,0.1
New England Revolution,1.2,1.3,0.881,0.955,72,0.1
New York City FC,1.4,1.2,1.028,0.881,72,0.1
New York Red Bulls,1.2,1.2,0.881,0.881,72,0.1
Orlando City SC,1.2,1.4,0.881,1.028,72,0.1
Philadelphia Union,1.3,1.1,0.955,0.808,72,0.1
Portland Timbers,1.4,1.4,1.028,1.028,72,0.1
Real Salt Lake,1.3,1.3,0.955,0.955,72,0.1
San Diego FC,1.1,1.4,0.808,1.028,72,0.1
San Jose Earthquakes,1.0,1.5,0.734,1.101,72,0.1
Seattle Sounders,1.5,1.2,1.101,0.881,72,0.1
Sporting KC,1.1,1.4,0.808,1.028,72,0.1
St. Louis City SC,1.2,1.4,0.881,1.028,72,0.1
Toronto FC,0.9,1.8,0.661,1.322,72,0.1
Vancouver Whitecaps,1.2,1.3,0.881,0.955,72,0.1
Algeria,1.251,2.249,0.962,1.73,71,0
Argentina,2.375,1.0,1.827,0.769,94,0
Australia,1.249,1.749,0.961,1.345,73,0
Austria,1.501,2.249,1.155,1.73,77,0
Belgium,2.334,1.166,1.795,0.897,86,0
Bosnia & Herzegovina,1.2,1.1,0.923,0.846,71,0
Brazil,2.001,0.799,1.539,0.615,91,0
Canada,1.801,1.199,1.385,0.922,77,0.05
Cape Verde,1.1,1.2,0.846,0.923,68,0
Colombia,1.599,0.999,1.23,0.768,81,0
Croatia,1.501,1.749,1.155,1.345,83,0
Curaçao,0.334,2.999,0.257,2.307,65,0
Czechia,0.668,1.999,0.514,1.538,74,0
DR Congo,1.249,1.249,0.961,0.961,68,0
Ecuador,0.501,0.999,0.385,0.768,73,0
Egypt,2.399,1.799,1.845,1.384,73,0
England,2.5,1.5,1.923,1.154,90,0
France,2.5,1.25,1.923,0.962,93,0
Germany,3.499,2.249,2.692,1.73,87,0
Ghana,0.501,0.749,0.385,0.576,70,0
Haiti,0.668,2.665,0.514,2.05,65,0
Iran,1.001,0.999,0.77,0.768,73,0
Iraq,0.334,3.999,0.257,3.076,68,0
Ivory Coast,1.251,0.999,0.962,0.768,73,0
Japan,2.001,1.249,1.539,0.961,79,0
Jordan,1.0,2.665,0.769,2.05,66,0
Mexico,1.999,0.599,1.538,0.461,78,0.05
Morocco,2.167,1.333,1.667,1.025,81,0
Netherlands,3.249,1.999,2.499,1.538,87,0
New Zealand,1.332,3.332,1.025,2.563,66,0
Norway,2.167,1.833,1.667,1.41,80,0
Panama,0.001,1.332,0.001,1.025,68,0
Paraguay,1.401,1.801,1.078,1.385,70,0
Portugal,1.601,0.599,1.232,0.461,89,0
Qatar,0.668,3.332,0.514,2.563,70,0
Saudi Arabia,0.334,1.665,0.257,1.281,71,0
Scotland,0.334,1.332,0.257,1.025,73,0
Senegal,2.499,2.249,1.922,1.73,76,0
South Africa,0.501,1.001,0.385,0.77,70,0
South Korea,0.668,0.999,0.514,0.768,75,0
Spain,1.75,0.125,1.346,0.096,92,0
Sweden,1.751,2.499,1.347,1.922,75,0
Switzerland,2.334,1.499,1.795,1.153,78,0
Tunisia,0.668,3.999,0.514,3.076,71,0
Türkiye,1.001,1.665,0.77,1.281,76,0
United States,2.201,1.599,1.693,1.23,78,0.05
Uruguay,1.001,1.332,0.77,1.025,82,0
Uzbekistan,0.668,3.665,0.514,2.819,67,0
Coventry City,0.186,2.022,0.134,1.487,90.6,0.1
Hull City,1.202,0.766,0.885,0.559,90.6,0.1
Ipswich Town,1.422,2.226,1.045,1.633,90.6,0.1
Monza,1.588,2.43,1.168,1.784,84.8,0.1
Venezia,0.806,2.602,0.597,1.908,84.8,0.1
Real Racing Club de Santander,1.58,2.974,1.16,2.18,84.8,0.1
RC Deportivo La Coruña,1.438,1.144,1.057,0.839,84.8,0.1
Málaga CF,0.43,1.717,0.314,1.264,84.8,0.1
Frosinone Calcio,1.79,0.819,1.315,0.601,84.8,0.1
Le Mans FC,1.796,1.819,1.318,1.334,84.3,0.1
ES Troyes AC,0.819,2.189,0.605,1.606,84.3,0.1
SC Paderborn 07,0.628,1.207,0.463,0.887,84.2,0.1
SV 07 Elversberg,2.146,1.842,1.577,1.353,84.2,0.1
FC Schalke 04,0.745,1.098,0.546,0.805,84.2,0.1
FC Porto,0.826,1.57,0.607,1.154,78.8,0.1
Feyenoord,1.467,3.529,1.078,2.59,77.4,0.1
AEK Athens,1.358,0.321,0.997,0.236,73.9,0.1
LASK,0.716,1.0,0.527,0.734,73.0,0.1
Viking,1.321,2.318,0.97,1.701,73.0,0.1
Slovan Bratislava,1.43,4.17,1.05,3.061,72.0,0.1
Celtic,2.5,0.7,1.836,0.514,74.0,0.1
Rangers,2.0,0.9,1.469,0.661,74.0,0.1
Red Bull Salzburg,2.4,1.0,1.762,0.734,73.0,0.1
Fenerbahce,1.415,0.962,1.039,0.703,75.8,0.1
Besiktas,2.0,1.0,1.469,0.734,75.8,0.1
Shakhtar Donetsk,2.2,0.8,1.615,0.587,74.0,0.1
Young Boys,2.2,1.1,1.615,0.808,74.0,0.1
Dinamo Zagreb,2.3,0.9,1.689,0.661,71.0,0.1
Sparta Prague,2.4,0.9,1.762,0.661,74.6,0.1
Red Star Belgrade,2.5,0.9,1.836,0.661,72.5,0.1
Ferencváros,2.3,1.0,1.689,0.734,70.0,0.1
PAOK,2.0,0.8,1.469,0.587,73.9,0.1
Anderlecht,2.1,1.0,1.542,0.734,80.0,0.1
Malmö,2.0,0.9,1.469,0.661,74.0,0.1
Midtjylland,2.1,1.0,1.542,0.734,76.6,0.1
Legia Warsaw,2.1,1.0,1.542,0.734,72.0,0.1
Viktoria Plzen,2.2,1.0,1.615,0.734,74.6,0.1
Ludogorets,2.3,0.9,1.689,0.661,70.0,0.1
Sturm Graz,2.2,1.0,1.615,0.734,73.0,0.1
Rapid Wien,2.0,1.1,1.469,0.808,73.0,0.1
KAA Gent,2.1,1.1,1.542,0.808,80.0,0.1
Brondby,2.0,1.0,1.469,0.734,76.6,0.1
Partizan,2.2,0.9,1.615,0.661,72.5,0.1
Rosenborg,2.0,1.1,1.469,0.808,73.0,0.1
HJK Helsinki,2.0,1.1,1.469,0.808,70.0,0.1
Zalgiris,1.8,1.2,1.322,0.881,68.0,0.1
Ballkani,1.8,1.2,1.322,0.881,67.0,0.1
FK RFS,1.8,1.2,1.322,0.881,67.0,0.1
FK Shakhtar Donetsk,1.0,1.0,0.734,0.734,95.0,0.1
Sabah FK,0.0,4.0,0.0,2.937,95.0,0.1
